Timestamp,Source,Speed,Course,Latitude,Longitude,Heading
24-03-24 23:44,Terr-AIS,0,,1.269968,103.8545,Unknown
24-03-24 23:23,Terr-AIS,0,,1.27009,103.8544,Unknown
24-03-24 23:03,Terr-AIS,0,,1.27007,103.8544,Unknown
24-03-24 22:41,Terr-AIS,0.1,,1.270112,103.8544,Unknown
24-03-24 22:20,Terr-AIS,0,,1.270002,103.8545,Unknown
24-03-24 21:58,Terr-AIS,0,,1.27001,103.8544,Unknown
24-03-24 21:37,Terr-AIS,0,,1.269997,103.8545,Unknown
24-03-24 21:16,Terr-AIS,0,,1.269973,103.8545,Unknown
24-03-24 20:55,Terr-AIS,0,,1.269872,103.8545,Unknown
24-03-24 20:33,Terr-AIS,0.1,,1.270042,103.8544,Unknown
24-03-24 20:12,Terr-AIS,0,,1.269872,103.8545,Unknown
24-03-24 19:51,Terr-AIS,0.3,,1.270212,103.8544,Unknown
24-03-24 19:49,Terr-AIS,3.5,288,1.270513,103.855,Unknown
24-03-24 19:46,Terr-AIS,7.1,330,1.267022,103.8566,Unknown
24-03-24 19:44,Terr-AIS,7.1,315,1.263977,103.8592,Unknown
24-03-24 19:42,Terr-AIS,6.9,276,1.26188,103.8634,Unknown
24-03-24 19:40,Terr-AIS,7,269,1.261688,103.8673,Unknown
24-03-24 19:38,Terr-AIS,7,246,1.262977,103.8709,Unknown
24-03-24 19:36,Terr-AIS,7.2,254,1.26429,103.8747,Unknown
24-03-24 19:34,Terr-AIS,7.2,258,1.26529,103.8785,Unknown
24-03-24 19:32,Terr-AIS,7.2,259,1.266045,103.8825,Unknown
24-03-24 19:30,Terr-AIS,7.3,262,1.266828,103.8865,Unknown
24-03-24 19:28,Terr-AIS,7.3,257,1.267707,103.8904,Unknown
24-03-24 19:26,Terr-AIS,7.4,254,1.268695,103.8944,Unknown
24-03-24 19:24,Terr-AIS,7.2,253,1.269765,103.8983,Unknown
24-03-24 19:22,Terr-AIS,7.2,258,1.270687,103.9022,Unknown
24-03-24 19:20,Terr-AIS,7.3,258,1.271475,103.9062,Unknown
24-03-24 19:17,Terr-AIS,7.3,257,1.272853,103.9122,Unknown
24-03-24 19:15,Terr-AIS,7.4,254,1.273837,103.9161,Unknown
24-03-24 19:13,Terr-AIS,7.3,257,1.274838,103.9204,Unknown
24-03-24 19:10,Terr-AIS,7.4,254,1.276267,103.9263,Unknown
24-03-24 19:07,Terr-AIS,7.4,256,1.277603,103.9313,Unknown
24-03-24 19:05,Terr-AIS,7.4,262,1.278327,103.9353,Unknown
24-03-24 19:03,Terr-AIS,7.4,262,1.278887,103.9394,Unknown
24-03-24 19:01,Terr-AIS,7.4,250,1.279998,103.9434,Unknown
24-03-24 18:59,Terr-AIS,7.5,250,1.281435,103.9473,Unknown
24-03-24 18:56,Terr-AIS,7.5,261,1.282685,103.9534,Unknown
24-03-24 18:54,Terr-AIS,7.4,268,1.282902,103.9575,Unknown
24-03-24 18:52,Terr-AIS,7.4,252,1.28319,103.9616,Unknown
24-03-24 18:50,Terr-AIS,7.4,261,1.284008,103.9656,Unknown
24-03-24 18:48,Terr-AIS,7.5,261,1.284635,103.9697,Unknown
24-03-24 18:46,Terr-AIS,7.5,259,1.285322,103.9742,Unknown
24-03-24 18:44,Terr-AIS,7.4,248,1.28691,103.9784,Unknown
24-03-24 18:42,Terr-AIS,7.5,249,1.288378,103.9823,Unknown
24-03-24 18:40,Terr-AIS,7.5,257,1.28965,103.9863,Unknown
24-03-24 18:38,Terr-AIS,7.2,269,1.290582,103.9903,Unknown
24-03-24 18:35,Terr-AIS,1,57,1.290692,103.9919,Unknown
24-03-24 18:14,Terr-AIS,0.2,,1.291002,103.9917,Unknown
24-03-24 17:52,Terr-AIS,0.5,316,1.290567,103.9919,Unknown
24-03-24 17:47,Terr-AIS,0.1,,1.29047,103.992,Unknown
24-03-24 17:25,Terr-AIS,0.1,,1.290587,103.992,Unknown
24-03-24 17:04,Terr-AIS,0.1,,1.2908,103.9919,Unknown
24-03-24 16:43,Terr-AIS,0,,1.290873,103.9918,Unknown
24-03-24 16:21,Terr-AIS,0.1,,1.290982,103.9918,Unknown
24-03-24 15:59,Terr-AIS,0.1,,1.29115,103.9918,Unknown
24-03-24 15:38,Terr-AIS,0.1,,1.291122,103.9918,Unknown
24-03-24 15:17,Terr-AIS,0.1,,1.291338,103.9917,Unknown
24-03-24 14:56,Terr-AIS,0.1,,1.291367,103.9918,Unknown
24-03-24 14:35,Terr-AIS,0,,1.291305,103.9916,Unknown
24-03-24 14:14,Terr-AIS,0.3,,1.291392,103.9918,Unknown
24-03-24 14:11,Terr-AIS,1.5,23,1.291077,103.9911,Unknown
24-03-24 14:09,Terr-AIS,0.7,227,1.290952,103.9912,Unknown
24-03-24 14:07,Terr-AIS,3.8,218,1.29168,103.9916,Unknown
24-03-24 14:05,Terr-AIS,0.2,,1.291545,103.9927,Unknown
24-03-24 13:44,Terr-AIS,0,,1.291537,103.9927,Unknown
24-03-24 13:21,Terr-AIS,0,,1.291493,103.9927,Unknown
24-03-24 13:00,Terr-AIS,0.2,,1.291495,103.9927,Unknown
24-03-24 12:38,Terr-AIS,0.1,,1.291363,103.9927,Unknown
24-03-24 12:15,Terr-AIS,0.6,75,1.291303,103.9927,Unknown
24-03-24 12:12,Terr-AIS,0.5,46,1.291347,103.9927,Unknown
24-03-24 12:08,Terr-AIS,0.3,332,1.291308,103.9927,Unknown
24-03-24 12:06,Terr-AIS,4.3,85,1.291415,103.9919,Unknown
24-03-24 12:04,Terr-AIS,6.2,68,1.290162,103.9889,Unknown
24-03-24 12:02,Terr-AIS,6.1,66,1.288908,103.9857,Unknown
24-03-24 12:00,Terr-AIS,6.1,88,1.287305,103.9824,Unknown
24-03-24 11:57,Terr-AIS,6.2,80,1.286827,103.9773,Unknown
24-03-24 11:55,Terr-AIS,6.3,85,1.286393,103.9739,Unknown
24-03-24 11:53,Terr-AIS,6.2,88,1.286138,103.9704,Unknown
24-03-24 11:51,Terr-AIS,6.4,88,1.286053,103.9669,Unknown
24-03-24 11:48,Terr-AIS,6.2,78,1.28578,103.9617,Unknown
24-03-24 11:46,Terr-AIS,6.1,80,1.285128,103.9583,Unknown
24-03-24 11:43,Terr-AIS,6,81,1.284495,103.9546,Unknown
24-03-24 11:41,Terr-AIS,6.4,83,1.284002,103.951,Unknown
24-03-24 11:39,Terr-AIS,6.2,82,1.283717,103.9475,Unknown
24-03-24 11:37,Terr-AIS,6.1,62,1.282583,103.944,Unknown
24-03-24 11:35,Terr-AIS,6.2,48,1.280315,103.9415,Unknown
24-03-24 11:33,Terr-AIS,5.5,47,1.27771,103.9396,Unknown
24-03-24 11:31,Terr-AIS,6.3,76,1.276607,103.9364,Unknown
24-03-24 11:29,Terr-AIS,6.5,73,1.275787,103.9331,Unknown
24-03-24 11:27,Terr-AIS,6.3,76,1.274873,103.9298,Unknown
24-03-24 11:25,Terr-AIS,6.1,73,1.274053,103.9264,Unknown
24-03-24 11:23,Terr-AIS,6,74,1.27326,103.923,Unknown
24-03-24 11:21,Terr-AIS,6.3,73,1.272495,103.9194,Unknown
24-03-24 11:19,Terr-AIS,6.2,72,1.271643,103.916,Unknown
24-03-24 11:17,Terr-AIS,6.2,74,1.270848,103.9126,Unknown
24-03-24 11:15,Terr-AIS,6.3,79,1.27021,103.9091,Unknown
24-03-24 11:12,Terr-AIS,6.2,82,1.268818,103.9041,Unknown
24-03-24 11:10,Terr-AIS,6.3,73,1.268152,103.9004,Unknown
24-03-24 11:08,Terr-AIS,5.9,74,1.267482,103.897,Unknown
24-03-24 11:05,Terr-AIS,6,82,1.266208,103.892,Unknown
24-03-24 11:03,Terr-AIS,6.2,85,1.265768,103.8886,Unknown
24-03-24 11:01,Terr-AIS,6.3,94,1.26599,103.8848,Unknown
24-03-24 10:59,Terr-AIS,6.3,71,1.265377,103.8814,Unknown
24-03-24 10:56,Terr-AIS,6.5,75,1.263968,103.8763,Unknown
24-03-24 10:54,Terr-AIS,6.2,61,1.262822,103.8729,Unknown
24-03-24 10:52,Terr-AIS,6.3,73,1.261368,103.8698,Unknown
24-03-24 10:50,Terr-AIS,6.3,74,1.261027,103.8664,Unknown
24-03-24 10:48,Terr-AIS,5.9,100,1.260578,103.8631,Unknown
24-03-24 10:45,Terr-AIS,6.1,143,1.262077,103.8595,Unknown
24-03-24 10:43,Terr-AIS,6.5,148,1.265585,103.8576,Unknown
24-03-24 10:41,Terr-AIS,4.9,230,1.268967,103.8563,Unknown
24-03-24 10:39,Terr-AIS,1.4,205,1.269653,103.8573,Unknown
24-03-24 10:36,Terr-AIS,2.2,78,1.270663,103.8549,Unknown
24-03-24 10:31,Terr-AIS,5.1,283,1.270552,103.8553,Unknown
24-03-24 10:29,Terr-AIS,1.3,233,1.269605,103.8571,Unknown
24-03-24 10:14,Terr-AIS,0,,1.269652,103.8572,Unknown
24-03-24 9:52,Terr-AIS,0.1,,1.269655,103.8572,Unknown
24-03-24 9:29,Terr-AIS,0.1,,1.269652,103.8572,Unknown
24-03-24 9:07,Terr-AIS,0.3,245,1.269642,103.8574,Unknown
24-03-24 9:04,Terr-AIS,6.3,85,1.269582,103.856,Unknown
24-03-24 9:02,Terr-AIS,0.7,252,1.270535,103.8545,Unknown
24-03-24 8:41,Terr-AIS,0.5,197,1.270548,103.8546,Unknown
24-03-24 8:39,Terr-AIS,0.5,193,1.270573,103.8546,Unknown
24-03-24 8:29,Terr-AIS,0,,1.270595,103.8546,Unknown
24-03-24 8:06,Terr-AIS,0.6,172,1.270637,103.8547,Unknown
24-03-24 8:01,Terr-AIS,0,,1.270575,103.8546,Unknown
24-03-24 7:40,Terr-AIS,0.1,,1.27063,103.8547,Unknown
24-03-24 7:18,Terr-AIS,0,,1.27071,103.8548,Unknown
24-03-24 6:56,Terr-AIS,0.8,54,1.270672,103.8547,Unknown
24-03-24 6:48,Terr-AIS,0.5,,1.270665,103.8547,Unknown
24-03-24 6:42,Terr-AIS,0.5,346,1.270618,103.8547,Unknown
24-03-24 6:27,Terr-AIS,0,,1.270655,103.8547,Unknown
24-03-24 6:05,Terr-AIS,0,,1.270653,103.8547,Unknown
24-03-24 5:43,Terr-AIS,0.5,17,1.270653,103.8547,Unknown
24-03-24 5:25,Terr-AIS,0.2,,1.270747,103.8549,Unknown
24-03-24 5:23,Terr-AIS,0.4,48,1.27052,103.8547,Unknown
24-03-24 5:20,Terr-AIS,0.2,,1.270417,103.8545,Unknown
24-03-24 4:58,Terr-AIS,0.5,90,1.270518,103.8546,Unknown
24-03-24 4:43,Terr-AIS,0.5,175,1.270517,103.8546,Unknown
24-03-24 4:30,Terr-AIS,0.5,76,1.270583,103.8546,Unknown
24-03-24 4:24,Terr-AIS,0.1,,1.270472,103.8545,Unknown
24-03-24 4:21,Terr-AIS,0.1,,1.27045,103.8545,Unknown
24-03-24 4:00,Terr-AIS,0.2,,1.269885,103.8546,Unknown
24-03-24 3:39,Terr-AIS,0.1,,1.269893,103.8546,Unknown
24-03-24 3:16,Terr-AIS,0.6,169,1.270305,103.8545,Unknown
24-03-24 3:13,Terr-AIS,0.6,317,1.270348,103.8546,Unknown
24-03-24 3:10,Terr-AIS,0.4,,1.27027,103.8546,Unknown
24-03-24 3:08,Terr-AIS,0.5,341,1.27001,103.8546,Unknown
24-03-24 2:58,Terr-AIS,0.5,346,1.26976,103.8547,Unknown
24-03-24 2:38,Terr-AIS,0.5,213,1.269923,103.8545,Unknown
24-03-24 2:33,Terr-AIS,0.5,279,1.269887,103.8545,Unknown
24-03-24 2:13,Terr-AIS,0.2,,1.269788,103.8546,Unknown
24-03-24 1:50,Terr-AIS,0.5,126,1.26986,103.8545,Unknown
24-03-24 1:46,Terr-AIS,0.7,171,1.269937,103.8545,Unknown
24-03-24 1:43,Terr-AIS,0.7,153,1.270073,103.8544,Unknown
24-03-24 1:39,Terr-AIS,0.1,,1.270153,103.8544,Unknown
24-03-24 1:17,Terr-AIS,0.1,,1.269937,103.8545,Unknown
24-03-24 0:55,Terr-AIS,0.5,195,1.270397,103.8545,Unknown
24-03-24 0:53,Terr-AIS,0.5,193,1.270463,103.8546,Unknown
24-03-24 0:44,Terr-AIS,0.4,23,1.270408,103.8546,Unknown
24-03-24 0:42,Terr-AIS,0.6,33,1.270078,103.8545,Unknown
24-03-24 0:30,Terr-AIS,0.1,,1.270138,103.8545,Unknown
24-03-24 0:09,Terr-AIS,0,,1.270088,103.8545,Unknown
23-03-24 23:47,Terr-AIS,0,,1.27001,103.8545,Unknown
23-03-24 23:25,Terr-AIS,0.5,147,1.270035,103.8545,Unknown
23-03-24 23:04,Terr-AIS,0,,1.270087,103.8545,Unknown
23-03-24 22:43,Terr-AIS,0.1,,1.27005,103.8545,Unknown
23-03-24 22:21,Terr-AIS,0,,1.270128,103.8545,Unknown
23-03-24 22:00,Terr-AIS,0,,1.270157,103.8545,Unknown
23-03-24 21:38,Terr-AIS,0,,1.269968,103.8546,Unknown
23-03-24 21:16,Terr-AIS,0,,1.269977,103.8546,Unknown
23-03-24 20:55,Terr-AIS,0,,1.269992,103.8546,Unknown
23-03-24 20:34,Terr-AIS,0.1,,1.270057,103.8545,Unknown
23-03-24 20:12,Terr-AIS,0,,1.269923,103.8546,Unknown
23-03-24 19:51,Terr-AIS,0,,1.269945,103.8546,Unknown
23-03-24 19:30,Terr-AIS,0,,1.269992,103.8545,Unknown
23-03-24 19:09,Terr-AIS,0,,1.269988,103.8545,Unknown
23-03-24 18:47,Terr-AIS,0.1,,1.270283,103.8546,Unknown
23-03-24 18:25,Terr-AIS,0,,1.270028,103.8546,Unknown
23-03-24 18:04,Terr-AIS,0.1,,1.270155,103.8545,Unknown
23-03-24 17:42,Terr-AIS,0,,1.270098,103.8546,Unknown
23-03-24 17:21,Terr-AIS,0,,1.270145,103.8545,Unknown
23-03-24 17:00,Terr-AIS,0.1,,1.270222,103.8545,Unknown
23-03-24 16:38,Terr-AIS,0,,1.270272,103.8545,Unknown
23-03-24 16:17,Terr-AIS,0.1,,1.270203,103.8545,Unknown
23-03-24 15:56,Terr-AIS,0,,1.27012,103.8545,Unknown
23-03-24 15:34,Terr-AIS,0.1,,1.27021,103.8545,Unknown
23-03-24 15:12,Terr-AIS,0,,1.270332,103.8545,Unknown
23-03-24 14:50,Terr-AIS,0.1,,1.270435,103.8545,Unknown
23-03-24 14:27,Terr-AIS,0.7,180,1.270328,103.8545,Unknown
23-03-24 14:23,Terr-AIS,0.1,,1.270437,103.8546,Unknown
23-03-24 14:21,Terr-AIS,5.1,313,1.270093,103.8557,Unknown
23-03-24 14:18,Terr-AIS,0.8,,1.26983,103.8569,Unknown
23-03-24 14:13,Terr-AIS,0.5,,1.269837,103.8569,Unknown
23-03-24 14:11,Terr-AIS,0.5,,1.269822,103.8569,Unknown
23-03-24 14:09,Terr-AIS,0.8,,1.269832,103.8569,Unknown
23-03-24 14:03,Terr-AIS,0.6,,1.269842,103.8569,Unknown
23-03-24 14:01,Terr-AIS,0.9,,1.269833,103.8569,Unknown
23-03-24 13:59,Terr-AIS,0.6,,1.269838,103.8569,Unknown
23-03-24 13:56,Terr-AIS,0.7,,1.26985,103.8569,Unknown
23-03-24 13:54,Terr-AIS,1,,1.269843,103.8569,Unknown
23-03-24 13:50,Terr-AIS,0.5,,1.269855,103.8569,Unknown
23-03-24 13:48,Terr-AIS,1.4,,1.269817,103.8569,Unknown
23-03-24 13:46,Terr-AIS,0.8,,1.26986,103.8569,Unknown
23-03-24 13:43,Terr-AIS,1.1,,1.269868,103.8569,Unknown
23-03-24 13:41,Terr-AIS,0.6,,1.269842,103.8569,Unknown
23-03-24 13:37,Terr-AIS,0.6,,1.26984,103.8569,Unknown
23-03-24 13:35,Terr-AIS,1.1,,1.269838,103.8569,Unknown
23-03-24 13:33,Terr-AIS,0.2,,1.269823,103.8569,Unknown
23-03-24 13:31,Terr-AIS,0.3,,1.269835,103.8569,Unknown
23-03-24 13:29,Terr-AIS,0.5,,1.269823,103.8569,Unknown
23-03-24 13:26,Terr-AIS,0.7,273,1.269438,103.8568,Unknown
23-03-24 13:23,Terr-AIS,3.7,96,1.27073,103.8548,Unknown
23-03-24 13:21,Terr-AIS,0.8,309,1.270363,103.8544,Unknown
23-03-24 13:11,Terr-AIS,0.3,,1.270248,103.8545,Unknown
23-03-24 13:09,Terr-AIS,0.8,351,1.270227,103.8545,Unknown
23-03-24 13:07,Terr-AIS,0.7,255,1.270303,103.8546,Unknown
23-03-24 12:55,Terr-AIS,0.1,,1.270325,103.8546,Unknown
23-03-24 12:32,Terr-AIS,0.1,,1.270293,103.8546,Unknown
23-03-24 12:10,Terr-AIS,0.1,,1.270297,103.8546,Unknown
23-03-24 11:48,Terr-AIS,0.5,152,1.270353,103.8546,Unknown
23-03-24 11:43,Terr-AIS,0.5,57,1.27036,103.8546,Unknown
23-03-24 11:21,Terr-AIS,0.5,189,1.270488,103.8547,Unknown
23-03-24 11:06,Terr-AIS,0.1,,1.270473,103.8547,Unknown
23-03-24 10:44,Terr-AIS,0.5,302,1.270473,103.8546,Unknown
23-03-24 10:29,Terr-AIS,0.2,,1.270432,103.8546,Unknown
23-03-24 10:07,Terr-AIS,0.1,,1.270542,103.8547,Unknown
23-03-24 9:46,Terr-AIS,0.3,,1.27054,103.8547,Unknown
23-03-24 9:24,Terr-AIS,0.1,,1.270577,103.8548,Unknown
23-03-24 9:02,Terr-AIS,0,,1.270605,103.8548,Unknown
23-03-24 8:40,Terr-AIS,0.6,124,1.270557,103.8547,Unknown
23-03-24 8:29,Terr-AIS,0.1,,1.270607,103.8546,Unknown
23-03-24 8:07,Terr-AIS,0.1,,1.27056,103.8547,Unknown
23-03-24 7:46,Terr-AIS,0,,1.270608,103.8547,Unknown
23-03-24 7:24,Terr-AIS,0.2,,1.27067,103.8548,Unknown
23-03-24 7:22,Terr-AIS,4.9,5,1.270445,103.8544,Unknown
23-03-24 7:20,Terr-AIS,7.1,322,1.267352,103.8562,Unknown
23-03-24 7:18,Terr-AIS,7.2,316,1.264282,103.8587,Unknown
23-03-24 7:16,Terr-AIS,6.6,279,1.262105,103.8626,Unknown
23-03-24 7:14,Terr-AIS,6.3,271,1.261503,103.8661,Unknown
23-03-24 7:12,Terr-AIS,6.2,266,1.261683,103.8696,Unknown
23-03-24 7:10,Terr-AIS,6.2,269,1.261962,103.873,Unknown
23-03-24 7:07,Terr-AIS,6.6,275,1.261512,103.8783,Unknown
23-03-24 7:04,Terr-AIS,5.4,271,1.259065,103.8832,Unknown
23-03-24 7:02,Terr-AIS,0.9,219,1.259738,103.8839,Unknown
23-03-24 6:53,Terr-AIS,0,,1.259665,103.8841,Unknown
23-03-24 6:31,Terr-AIS,0.5,183,1.259508,103.8843,Unknown
23-03-24 6:28,Terr-AIS,0.1,,1.259535,103.8843,Unknown
23-03-24 6:05,Terr-AIS,0.5,60,1.259387,103.8844,Unknown
23-03-24 6:01,Terr-AIS,0.5,50,1.25934,103.8844,Unknown
23-03-24 5:54,Terr-AIS,0,,1.259262,103.8843,Unknown
23-03-24 5:32,Terr-AIS,0.2,,1.259282,103.8843,Unknown
23-03-24 5:11,Terr-AIS,0.1,,1.259213,103.8843,Unknown
23-03-24 4:49,Terr-AIS,0.5,53,1.25906,103.8842,Unknown
23-03-24 4:35,Terr-AIS,0.3,,1.25901,103.8842,Unknown
23-03-24 4:33,Terr-AIS,1.2,182,1.259432,103.8843,Unknown
23-03-24 4:30,Terr-AIS,5,310,1.258572,103.8833,Unknown
23-03-24 4:28,Terr-AIS,1.1,38,1.258197,103.8851,Unknown
23-03-24 4:25,Terr-AIS,3.9,88,1.257883,103.883,Unknown
23-03-24 4:23,Terr-AIS,6.2,89,1.257963,103.881,Unknown
23-03-24 4:21,Terr-AIS,4.4,128,1.258808,103.8775,Unknown
23-03-24 4:18,Terr-AIS,2.8,96,1.259018,103.8747,Unknown
23-03-24 4:16,Terr-AIS,7.9,98,1.259323,103.872,Unknown
23-03-24 4:14,Terr-AIS,7.9,99,1.259718,103.8675,Unknown
23-03-24 4:12,Terr-AIS,7.5,115,1.260945,103.8634,Unknown
23-03-24 4:10,Terr-AIS,7.1,143,1.262662,103.8598,Unknown
23-03-24 4:08,Terr-AIS,6.9,136,1.266083,103.8571,Unknown
23-03-24 4:05,Terr-AIS,1.7,224,1.270292,103.8545,Unknown
23-03-24 3:56,Terr-AIS,0.5,315,1.269975,103.8545,Unknown
23-03-24 3:53,Terr-AIS,0,,1.269875,103.8546,Unknown
23-03-24 3:31,Terr-AIS,0.1,,1.269932,103.8546,Unknown
23-03-24 3:10,Terr-AIS,0.1,,1.269963,103.8545,Unknown
23-03-24 2:48,Terr-AIS,0.5,276,1.269783,103.8547,Unknown
23-03-24 2:45,Terr-AIS,0.6,324,1.269695,103.8549,Unknown
23-03-24 2:42,Terr-AIS,0.5,204,1.269702,103.8549,Unknown
23-03-24 2:40,Terr-AIS,0.7,93,1.269732,103.8548,Unknown
23-03-24 2:21,Terr-AIS,0.7,,1.26996,103.8545,Unknown
23-03-24 2:19,Terr-AIS,0.7,,1.2704,103.8546,Unknown
23-03-24 2:16,Terr-AIS,4.2,11,1.269635,103.8543,Unknown
23-03-24 2:14,Terr-AIS,6.9,7,1.266462,103.8537,Unknown
23-03-24 2:12,Terr-AIS,6.7,6,1.262672,103.8531,Unknown
23-03-24 2:10,Terr-AIS,7.4,11,1.25875,103.8523,Unknown
23-03-24 2:07,Terr-AIS,7.5,22,1.252702,103.8507,Unknown
23-03-24 2:05,Terr-AIS,7.1,29,1.249007,103.8488,Unknown
23-03-24 2:03,Terr-AIS,6.7,30,1.24538,103.8467,Unknown
23-03-24 2:01,Terr-AIS,6.3,46,1.24237,103.8442,Unknown
23-03-24 1:58,Terr-AIS,6.2,49,1.238977,103.8407,Unknown
23-03-24 1:56,Terr-AIS,5.9,59,1.237137,103.8379,Unknown
23-03-24 1:54,Terr-AIS,5.6,61,1.235635,103.835,Unknown
23-03-24 1:51,Terr-AIS,7.3,105,1.235403,103.8301,Unknown
23-03-24 1:49,Terr-AIS,7.6,112,1.236775,103.8261,Unknown
23-03-24 1:47,Terr-AIS,7.4,112,1.238458,103.8219,Unknown
23-03-24 1:45,Terr-AIS,7.3,116,1.240203,103.8182,Unknown
23-03-24 1:43,Terr-AIS,7.3,130,1.242805,103.8145,Unknown
23-03-24 1:41,Terr-AIS,7.3,121,1.24528,103.8113,Unknown
23-03-24 1:39,Terr-AIS,7.1,97,1.246703,103.8076,Unknown
23-03-24 1:37,Terr-AIS,7,98,1.24724,103.8038,Unknown
23-03-24 1:35,Terr-AIS,7,106,1.248147,103.8,Unknown
23-03-24 1:33,Terr-AIS,7.1,104,1.249303,103.7962,Unknown
23-03-24 1:31,Terr-AIS,6.6,108,1.25041,103.7922,Unknown
23-03-24 1:29,Terr-AIS,6.8,107,1.251597,103.7883,Unknown
23-03-24 1:27,Terr-AIS,6.4,109,1.25273,103.7847,Unknown
23-03-24 1:23,Terr-AIS,7.5,123,1.255905,103.7794,Unknown
23-03-24 1:21,Terr-AIS,7.3,127,1.258267,103.776,Unknown
23-03-24 1:18,Terr-AIS,7,129,1.262103,103.7714,Unknown
23-03-24 1:15,Terr-AIS,6.7,128,1.265652,103.767,Unknown
23-03-24 1:13,Terr-AIS,7,126,1.268113,103.7641,Unknown
23-03-24 1:11,Terr-AIS,6.9,128,1.270545,103.7611,Unknown
23-03-24 1:09,Terr-AIS,6.8,125,1.27289,103.7581,Unknown
23-03-24 1:07,Terr-AIS,6.6,125,1.275118,103.755,Unknown
23-03-24 1:04,Terr-AIS,7.1,122,1.278532,103.7504,Unknown
23-03-24 1:02,Terr-AIS,7,130,1.280958,103.7473,Unknown
23-03-24 1:00,Terr-AIS,7,132,1.2836,103.7443,Unknown
23-03-24 0:58,Terr-AIS,7.1,133,1.286325,103.7414,Unknown
23-03-24 0:56,Terr-AIS,6.9,128,1.288952,103.7385,Unknown
23-03-24 0:53,Terr-AIS,7,134,1.293013,103.7343,Unknown
23-03-24 0:51,Terr-AIS,7.1,135,1.295632,103.7313,Unknown
23-03-24 0:48,Terr-AIS,6.7,164,1.301048,103.7285,Unknown
23-03-24 0:46,Terr-AIS,1.3,247,1.302473,103.7287,Unknown
23-03-24 0:42,Terr-AIS,0,,1.302682,103.7291,Unknown
23-03-24 0:20,Terr-AIS,0.1,,1.302665,103.7291,Unknown
22-03-24 23:58,Terr-AIS,1.5,128,1.30261,103.729,Unknown
22-03-24 23:56,Terr-AIS,0.3,300,1.302445,103.7283,Unknown
22-03-24 23:54,Terr-AIS,0.6,277,1.30225,103.7288,Unknown
22-03-24 23:51,Terr-AIS,0.3,,1.302303,103.7288,Unknown
22-03-24 23:49,Terr-AIS,3.9,350,1.301887,103.7282,Unknown
22-03-24 23:47,Terr-AIS,7.2,331,1.298527,103.7297,Unknown
22-03-24 23:44,Terr-AIS,7.2,314,1.29392,103.7335,Unknown
22-03-24 23:42,Terr-AIS,7.2,315,1.291045,103.7363,Unknown
22-03-24 23:40,Terr-AIS,7.3,313,1.288227,103.7392,Unknown
22-03-24 23:38,Terr-AIS,7.2,315,1.285343,103.7421,Unknown
22-03-24 23:36,Terr-AIS,7.2,317,1.282482,103.7449,Unknown
22-03-24 23:34,Terr-AIS,7.5,309,1.27952,103.7478,Unknown
22-03-24 23:32,Terr-AIS,7.6,311,1.27669,103.751,Unknown
22-03-24 23:30,Terr-AIS,7.7,305,1.274,103.7543,Unknown
22-03-24 23:28,Terr-AIS,7.6,289,1.272148,103.7581,Unknown
22-03-24 23:26,Terr-AIS,7.7,299,1.270192,103.7618,Unknown
22-03-24 23:24,Terr-AIS,7.7,300,1.267963,103.7655,Unknown
22-03-24 23:21,Terr-AIS,7.8,321,1.264152,103.771,Unknown
22-03-24 23:19,Terr-AIS,7.4,315,1.260858,103.7737,Unknown
22-03-24 23:17,Terr-AIS,6.9,312,1.258002,103.7766,Unknown
22-03-24 23:15,Terr-AIS,7.9,308,1.255382,103.7796,Unknown
22-03-24 23:13,Terr-AIS,8.4,296,1.253012,103.7838,Unknown
22-03-24 23:10,Terr-AIS,7.8,286,1.25091,103.7902,Unknown
22-03-24 23:08,Terr-AIS,7.9,284,1.249732,103.7944,Unknown
22-03-24 23:06,Terr-AIS,8.3,292,1.248243,103.7987,Unknown
22-03-24 23:04,Terr-AIS,8.3,295,1.246408,103.803,Unknown
22-03-24 23:02,Terr-AIS,8.1,295,1.244452,103.8072,Unknown
22-03-24 23:00,Terr-AIS,8.2,294,1.242592,103.8113,Unknown
22-03-24 22:58,Terr-AIS,7.8,294,1.240827,103.8154,Unknown
22-03-24 22:56,Terr-AIS,7,289,1.239273,103.8192,Unknown
22-03-24 22:54,Terr-AIS,7.3,288,1.238045,103.823,Unknown
22-03-24 22:52,Terr-AIS,7.4,291,1.236647,103.8269,Unknown
22-03-24 22:49,Terr-AIS,10.4,256,1.235965,103.8344,Unknown
22-03-24 22:47,Terr-AIS,10.2,239,1.238108,103.8397,Unknown
22-03-24 22:45,Terr-AIS,9.5,233,1.241582,103.8445,Unknown
22-03-24 22:42,Terr-AIS,8.4,240,1.245598,103.8505,Unknown
22-03-24 22:40,Terr-AIS,8.3,243,1.247763,103.8546,Unknown
22-03-24 22:38,Terr-AIS,8.6,245,1.25023,103.8594,Unknown
22-03-24 22:36,Terr-AIS,8.5,242,1.252423,103.8636,Unknown
22-03-24 22:34,Terr-AIS,8.4,250,1.254367,103.8679,Unknown
22-03-24 22:32,Terr-AIS,8,248,1.255937,103.8722,Unknown
22-03-24 22:29,Terr-AIS,0.6,309,1.256582,103.8746,Unknown
22-03-24 22:27,Terr-AIS,1.3,35,1.25647,103.8745,Unknown
22-03-24 22:06,Terr-AIS,0.1,,1.256472,103.8745,Unknown
22-03-24 21:44,Terr-AIS,0.1,,1.256477,103.8745,Unknown
22-03-24 21:22,Terr-AIS,0.1,,1.256495,103.8745,Unknown
22-03-24 21:01,Terr-AIS,0,,1.256498,103.8744,Unknown
22-03-24 20:39,Terr-AIS,0.8,223,1.256592,103.8745,Unknown
22-03-24 20:22,Terr-AIS,0,,1.256678,103.8745,Unknown
22-03-24 20:00,Terr-AIS,0.1,,1.256637,103.8745,Unknown
22-03-24 19:39,Terr-AIS,0.1,,1.256628,103.8745,Unknown
22-03-24 19:36,Terr-AIS,0.2,,1.256877,103.8747,Unknown
22-03-24 19:33,Terr-AIS,0.5,236,1.256368,103.8741,Unknown
22-03-24 19:30,Terr-AIS,0.8,81,1.256353,103.8742,Unknown
22-03-24 19:28,Terr-AIS,5.1,96,1.256178,103.8727,Unknown
22-03-24 19:26,Terr-AIS,6.1,107,1.257152,103.8696,Unknown
22-03-24 19:24,Terr-AIS,6.4,124,1.258605,103.8665,Unknown
22-03-24 19:21,Terr-AIS,6.6,121,1.261583,103.8616,Unknown
22-03-24 19:19,Terr-AIS,6.4,138,1.263863,103.8587,Unknown
22-03-24 19:17,Terr-AIS,6.2,139,1.266665,103.8565,Unknown
22-03-24 19:15,Terr-AIS,1.9,196,1.268795,103.8555,Unknown
22-03-24 19:13,Terr-AIS,1.9,236,1.269337,103.856,Unknown
22-03-24 19:11,Terr-AIS,0.6,168,1.269907,103.8569,Unknown
22-03-24 18:56,Terr-AIS,0,,1.269922,103.8569,Unknown
22-03-24 18:35,Terr-AIS,0,,1.269895,103.8569,Unknown
22-03-24 18:32,Terr-AIS,5.7,73,1.26923,103.8558,Unknown
22-03-24 18:30,Terr-AIS,1.6,249,1.270022,103.8543,Unknown
22-03-24 18:14,Terr-AIS,0,,1.270053,103.8544,Unknown
22-03-24 17:51,Terr-AIS,0.9,2,1.269968,103.8545,Unknown
22-03-24 17:49,Terr-AIS,0.5,225,1.27006,103.8547,Unknown
22-03-24 17:45,Terr-AIS,0.7,224,1.270103,103.8547,Unknown
22-03-24 17:38,Terr-AIS,0,,1.270097,103.8547,Unknown
22-03-24 17:16,Terr-AIS,0,,1.270177,103.8547,Unknown
22-03-24 16:54,Terr-AIS,0,,1.270145,103.8547,Unknown
22-03-24 16:52,Terr-AIS,0.1,,1.270152,103.8547,Unknown
22-03-24 16:30,Terr-AIS,0.2,,1.27025,103.8547,Unknown
22-03-24 16:09,Terr-AIS,0.1,,1.270205,103.8546,Unknown
22-03-24 15:48,Terr-AIS,0.1,,1.270287,103.8547,Unknown
22-03-24 15:26,Terr-AIS,0.5,243,1.270368,103.8546,Unknown
22-03-24 15:09,Terr-AIS,0,,1.270312,103.8547,Unknown
22-03-24 14:47,Terr-AIS,0.5,197,1.270318,103.8547,Unknown
22-03-24 14:38,Terr-AIS,0.5,125,1.270383,103.8547,Unknown
22-03-24 14:29,Terr-AIS,0.6,218,1.270347,103.8547,Unknown
22-03-24 14:20,Terr-AIS,0.2,,1.270258,103.8547,Unknown
22-03-24 13:58,Terr-AIS,0.5,108,1.270205,103.8547,Unknown
22-03-24 13:42,Terr-AIS,0.6,182,1.270243,103.8546,Unknown
22-03-24 13:39,Terr-AIS,0.5,333,1.270238,103.8547,Unknown
22-03-24 13:36,Terr-AIS,0.6,111,1.2702,103.8547,Unknown
22-03-24 13:23,Terr-AIS,0.3,359,1.27017,103.8547,Unknown
22-03-24 13:01,Terr-AIS,0.5,350,1.270245,103.8547,Unknown
22-03-24 12:40,Terr-AIS,0.6,289,1.270277,103.8547,Unknown
22-03-24 12:31,Terr-AIS,0.3,,1.270202,103.8547,Unknown
22-03-24 12:07,Terr-AIS,0.5,292,1.27025,103.8547,Unknown
22-03-24 12:03,Terr-AIS,0.6,320,1.270252,103.8547,Unknown
22-03-24 11:57,Terr-AIS,0,,1.270163,103.8547,Unknown
22-03-24 11:36,Terr-AIS,0.6,80,1.270345,103.8547,Unknown
22-03-24 11:32,Terr-AIS,0.7,306,1.270307,103.8547,Unknown
22-03-24 11:29,Terr-AIS,0.6,286,1.270268,103.8547,Unknown
22-03-24 11:27,Terr-AIS,0.5,232,1.270245,103.8547,Unknown
22-03-24 11:22,Terr-AIS,0.6,241,1.270277,103.8547,Unknown
22-03-24 11:20,Terr-AIS,0.5,247,1.270265,103.8547,Unknown
22-03-24 11:16,Terr-AIS,0.5,215,1.270275,103.8547,Unknown
22-03-24 11:04,Terr-AIS,0.6,7,1.27027,103.8546,Unknown
22-03-24 10:59,Terr-AIS,0.5,313,1.270182,103.8546,Unknown
22-03-24 10:57,Terr-AIS,0.5,11,1.270132,103.8546,Unknown
22-03-24 10:55,Terr-AIS,0.6,293,1.270105,103.8547,Unknown
22-03-24 10:51,Terr-AIS,0.7,298,1.270087,103.8546,Unknown
22-03-24 10:44,Terr-AIS,0.3,,1.270152,103.8546,Unknown
22-03-24 10:41,Terr-AIS,0,,1.270235,103.8546,Unknown
22-03-24 10:39,Terr-AIS,0.7,300,1.270242,103.8546,Unknown
22-03-24 10:37,Terr-AIS,0.5,241,1.27027,103.8547,Unknown
22-03-24 10:32,Terr-AIS,0.5,181,1.270233,103.8546,Unknown
22-03-24 10:29,Terr-AIS,0.6,109,1.270228,103.8547,Unknown
22-03-24 10:26,Terr-AIS,0.5,282,1.270228,103.8546,Unknown
22-03-24 10:24,Terr-AIS,0.5,334,1.270207,103.8547,Unknown
22-03-24 10:22,Terr-AIS,1.1,321,1.27007,103.8547,Unknown
22-03-24 10:14,Terr-AIS,0.6,229,1.270065,103.8547,Unknown
22-03-24 10:12,Terr-AIS,0.9,203,1.270118,103.8546,Unknown
22-03-24 10:07,Terr-AIS,0.5,216,1.270105,103.8547,Unknown
22-03-24 10:00,Terr-AIS,0.5,277,1.270078,103.8547,Unknown
22-03-24 9:56,Terr-AIS,0.6,183,1.27013,103.8546,Unknown
22-03-24 9:53,Terr-AIS,0.5,147,1.270223,103.8546,Unknown
22-03-24 9:50,Terr-AIS,0.5,299,1.270252,103.8547,Unknown
22-03-24 9:48,Terr-AIS,0.1,,1.270247,103.8546,Unknown
22-03-24 9:26,Terr-AIS,0.5,102,1.270157,103.8547,Unknown
22-03-24 9:05,Terr-AIS,0.9,130,1.270167,103.8546,Unknown
22-03-24 8:58,Terr-AIS,0.1,,1.270172,103.8546,Unknown
22-03-24 8:36,Terr-AIS,0,,1.270093,103.8546,Unknown
22-03-24 8:14,Terr-AIS,0.6,116,1.270357,103.8547,Unknown
22-03-24 8:12,Terr-AIS,6.7,311,1.26978,103.8561,Unknown
22-03-24 8:10,Terr-AIS,0.7,32,1.269542,103.8574,Unknown
22-03-24 8:08,Terr-AIS,6,355,1.268408,103.8573,Unknown
22-03-24 8:05,Terr-AIS,7.4,315,1.263498,103.8598,Unknown
22-03-24 8:03,Terr-AIS,7.1,288,1.261532,103.8633,Unknown
22-03-24 8:01,Terr-AIS,6.5,283,1.260758,103.8671,Unknown
22-03-24 7:59,Terr-AIS,6.4,288,1.259582,103.8705,Unknown
22-03-24 7:57,Terr-AIS,6.3,276,1.258782,103.8739,Unknown
22-03-24 7:54,Terr-AIS,6.3,282,1.257998,103.8792,Unknown
22-03-24 7:52,Terr-AIS,6.4,283,1.256932,103.8826,Unknown
22-03-24 7:50,Terr-AIS,6.3,280,1.256197,103.8864,Unknown
22-03-24 7:48,Terr-AIS,6.3,278,1.25568,103.8898,Unknown
22-03-24 7:45,Terr-AIS,3.5,216,1.256138,103.8942,Unknown
22-03-24 7:43,Terr-AIS,0.9,110,1.257055,103.8943,Unknown
22-03-24 7:41,Terr-AIS,0.6,350,1.257288,103.8939,Unknown
22-03-24 7:38,Terr-AIS,0.6,266,1.2572,103.8939,Unknown
22-03-24 7:32,Terr-AIS,0.5,296,1.257148,103.894,Unknown
22-03-24 7:22,Terr-AIS,0.5,204,1.257188,103.894,Unknown
22-03-24 7:16,Terr-AIS,0.5,176,1.257305,103.894,Unknown
22-03-24 7:11,Terr-AIS,0.5,306,1.257255,103.894,Unknown
22-03-24 6:57,Terr-AIS,0,,1.257323,103.8941,Unknown
22-03-24 6:35,Terr-AIS,0.7,230,1.257053,103.894,Unknown
22-03-24 6:31,Terr-AIS,0.5,173,1.257142,103.8941,Unknown
22-03-24 6:28,Terr-AIS,0.5,154,1.257253,103.8941,Unknown
22-03-24 6:23,Terr-AIS,0.5,129,1.257522,103.8939,Unknown
22-03-24 6:20,Terr-AIS,0.6,117,1.257645,103.8937,Unknown
22-03-24 6:14,Terr-AIS,0.2,,1.257695,103.8936,Unknown
22-03-24 5:52,Terr-AIS,0.5,345,1.257233,103.894,Unknown
22-03-24 5:49,Terr-AIS,0.5,6,1.25679,103.894,Unknown
22-03-24 5:47,Terr-AIS,0.5,356,1.256565,103.894,Unknown
22-03-24 5:45,Terr-AIS,0.5,352,1.256362,103.894,Unknown
22-03-24 5:43,Terr-AIS,0.7,318,1.256197,103.894,Unknown
22-03-24 5:25,Terr-AIS,0.6,158,1.256482,103.8943,Unknown
22-03-24 5:21,Terr-AIS,0.7,148,1.256872,103.8943,Unknown
22-03-24 5:14,Terr-AIS,0.5,66,1.257352,103.8941,Unknown
22-03-24 5:12,Terr-AIS,0.1,,1.257402,103.8941,Unknown
22-03-24 5:10,Terr-AIS,1.1,12,1.257322,103.8942,Unknown
22-03-24 5:07,Terr-AIS,1,321,1.257147,103.894,Unknown
22-03-24 5:05,Terr-AIS,4.7,65,1.256497,103.8933,Unknown
22-03-24 5:03,Terr-AIS,7.5,84,1.25611,103.8891,Unknown
22-03-24 5:01,Terr-AIS,7.6,101,1.257305,103.8852,Unknown
22-03-24 4:59,Terr-AIS,7.9,99,1.258123,103.881,Unknown
22-03-24 4:57,Terr-AIS,7.8,104,1.258842,103.8767,Unknown
22-03-24 4:55,Terr-AIS,8.2,98,1.259682,103.8724,Unknown
22-03-24 4:53,Terr-AIS,7.9,105,1.260443,103.8679,Unknown
22-03-24 4:51,Terr-AIS,6.9,99,1.261185,103.8637,Unknown
22-03-24 4:48,Terr-AIS,6.6,127,1.262428,103.8598,Unknown
22-03-24 4:46,Terr-AIS,6.6,155,1.26554,103.8577,Unknown
22-03-24 4:44,Terr-AIS,4.8,173,1.269007,103.8571,Unknown
22-03-24 4:42,Terr-AIS,0.5,228,1.269578,103.8572,Unknown
22-03-24 4:21,Terr-AIS,0.2,,1.269607,103.8572,Unknown
22-03-24 3:58,Terr-AIS,0,,1.269597,103.8572,Unknown
22-03-24 3:56,Terr-AIS,1,49,1.269445,103.8572,Unknown
22-03-24 3:54,Terr-AIS,5.6,75,1.269232,103.8559,Unknown
22-03-24 3:52,Terr-AIS,1.1,229,1.270152,103.8547,Unknown
22-03-24 3:42,Terr-AIS,0.6,40,1.270205,103.8547,Unknown
22-03-24 3:21,Terr-AIS,0.5,24,1.270235,103.8547,Unknown
22-03-24 3:19,Terr-AIS,0.5,207,1.270202,103.8546,Unknown
22-03-24 3:01,Terr-AIS,0,,1.270192,103.8547,Unknown
22-03-24 2:39,Terr-AIS,0.6,167,1.270225,103.8549,Unknown
22-03-24 2:36,Terr-AIS,0.7,29,1.270172,103.8547,Unknown
22-03-24 2:34,Terr-AIS,0.7,89,1.270248,103.8546,Unknown
22-03-24 2:25,Terr-AIS,0,,1.270238,103.8546,Unknown
22-03-24 2:04,Terr-AIS,0.3,,1.270087,103.8547,Unknown
22-03-24 1:42,Terr-AIS,0.5,37,1.270238,103.8546,Unknown
22-03-24 1:29,Terr-AIS,0.1,,1.270002,103.8546,Unknown
22-03-24 1:27,Terr-AIS,0.6,164,1.27001,103.8547,Unknown
22-03-24 1:23,Terr-AIS,0.5,93,1.270037,103.8547,Unknown
22-03-24 1:19,Terr-AIS,0.5,323,1.270043,103.8546,Unknown
22-03-24 1:10,Terr-AIS,0.5,139,1.270125,103.8546,Unknown
22-03-24 0:56,Terr-AIS,0.1,,1.270205,103.8546,Unknown
22-03-24 0:35,Terr-AIS,0,,1.27005,103.8546,Unknown
22-03-24 0:12,Terr-AIS,0.5,196,1.270092,103.8546,Unknown
21-03-24 23:59,Terr-AIS,0.5,258,1.270242,103.8546,Unknown
21-03-24 23:56,Terr-AIS,0.1,,1.27027,103.8546,Unknown
21-03-24 23:34,Terr-AIS,0,,1.270245,103.8546,Unknown
21-03-24 23:12,Terr-AIS,0,,1.270193,103.8546,Unknown
21-03-24 22:50,Terr-AIS,0,,1.270167,103.8546,Unknown
21-03-24 22:27,Terr-AIS,0,,1.27019,103.8546,Unknown
21-03-24 22:05,Terr-AIS,0,,1.270113,103.8546,Unknown
21-03-24 21:43,Terr-AIS,0,,1.270162,103.8546,Unknown
21-03-24 21:21,Terr-AIS,0,,1.270228,103.8546,Unknown
21-03-24 20:59,Terr-AIS,0.1,,1.270187,103.8546,Unknown
21-03-24 20:38,Terr-AIS,0,,1.270118,103.8546,Unknown
21-03-24 20:17,Terr-AIS,0,,1.270083,103.8546,Unknown
21-03-24 19:55,Terr-AIS,0.1,,1.270077,103.8546,Unknown
21-03-24 19:32,Terr-AIS,0.6,52,1.270275,103.8547,Unknown
21-03-24 19:30,Terr-AIS,0.5,305,1.269998,103.8545,Unknown
21-03-24 19:27,Terr-AIS,4.3,253,1.269253,103.857,Unknown
21-03-24 19:25,Terr-AIS,0.9,73,1.269383,103.8571,Unknown
21-03-24 19:23,Terr-AIS,2.9,346,1.268538,103.8572,Unknown
21-03-24 19:21,Terr-AIS,7,325,1.265432,103.8583,Unknown
21-03-24 19:19,Terr-AIS,6.9,288,1.262732,103.8615,Unknown
21-03-24 19:17,Terr-AIS,6.9,280,1.261918,103.8653,Unknown
21-03-24 19:15,Terr-AIS,7.2,256,1.26184,103.8695,Unknown
21-03-24 19:13,Terr-AIS,7.7,246,1.263225,103.8734,Unknown
21-03-24 19:11,Terr-AIS,7.7,244,1.264902,103.8773,Unknown
21-03-24 19:09,Terr-AIS,7.8,243,1.266857,103.8812,Unknown
21-03-24 19:06,Terr-AIS,7.8,245,1.269557,103.8871,Unknown
21-03-24 19:03,Terr-AIS,7.8,249,1.271423,103.8914,Unknown
21-03-24 19:01,Terr-AIS,7.8,247,1.273125,103.8953,Unknown
21-03-24 18:59,Terr-AIS,7.9,250,1.274763,103.8994,Unknown
21-03-24 18:57,Terr-AIS,7.9,247,1.276452,103.9035,Unknown
21-03-24 18:55,Terr-AIS,7.9,247,1.278345,103.9078,Unknown
21-03-24 18:53,Terr-AIS,8,245,1.280088,103.9119,Unknown
21-03-24 18:51,Terr-AIS,7.9,249,1.28189,103.916,Unknown
21-03-24 18:49,Terr-AIS,8,252,1.283515,103.9201,Unknown
21-03-24 18:47,Terr-AIS,7.9,246,1.285103,103.9242,Unknown
21-03-24 18:45,Terr-AIS,7.9,243,1.287193,103.9281,Unknown
21-03-24 18:43,Terr-AIS,5,247,1.288535,103.9316,Unknown
21-03-24 18:41,Terr-AIS,0.5,275,1.288367,103.9329,Unknown
21-03-24 18:39,Terr-AIS,0.6,8,1.288223,103.9331,Unknown
21-03-24 18:36,Terr-AIS,0.7,53,1.28812,103.933,Unknown
21-03-24 18:34,Terr-AIS,0,,1.288103,103.933,Unknown
21-03-24 18:12,Terr-AIS,0,,1.288122,103.933,Unknown
21-03-24 17:49,Terr-AIS,0,,1.288137,103.933,Unknown
21-03-24 17:28,Terr-AIS,0,,1.288093,103.933,Unknown
21-03-24 17:06,Terr-AIS,0.1,,1.288118,103.9329,Unknown
21-03-24 16:45,Terr-AIS,0,,1.288247,103.9329,Unknown
21-03-24 16:23,Terr-AIS,0.1,,1.288237,103.9329,Unknown
21-03-24 16:01,Terr-AIS,0,,1.288185,103.9329,Unknown
21-03-24 15:39,Terr-AIS,3.7,93,1.288385,103.9328,Unknown
21-03-24 15:37,Terr-AIS,1.3,248,1.287563,103.9323,Unknown
21-03-24 15:35,Terr-AIS,0.7,248,1.287852,103.9329,Unknown
21-03-24 15:17,Terr-AIS,0.5,349,1.287962,103.933,Unknown
21-03-24 15:10,Terr-AIS,0.5,10,1.28774,103.933,Unknown
21-03-24 15:07,Terr-AIS,0.7,150,1.28775,103.9329,Unknown
21-03-24 15:05,Terr-AIS,0.5,155,1.287895,103.9328,Unknown
21-03-24 14:58,Terr-AIS,0.6,296,1.288157,103.9332,Unknown
21-03-24 14:51,Terr-AIS,0.2,,1.288278,103.9333,Unknown
21-03-24 14:49,Terr-AIS,0.4,17,1.287952,103.9328,Unknown
21-03-24 14:47,Terr-AIS,0.7,16,1.287488,103.9324,Unknown
21-03-24 14:45,Terr-AIS,1,100,1.28756,103.9323,Unknown
21-03-24 14:43,Terr-AIS,0.5,312,1.287702,103.9325,Unknown
21-03-24 14:41,Terr-AIS,0.7,104,1.287735,103.9326,Unknown
21-03-24 14:39,Terr-AIS,0.8,210,1.288018,103.9326,Unknown
21-03-24 14:37,Terr-AIS,1.1,237,1.28837,103.9331,Unknown
21-03-24 14:35,Terr-AIS,0.7,77,1.288525,103.9333,Unknown
21-03-24 14:32,Terr-AIS,0.8,210,1.288895,103.9337,Unknown
21-03-24 14:30,Terr-AIS,1.1,148,1.289262,103.9336,Unknown
21-03-24 14:28,Terr-AIS,3.1,58,1.289192,103.9326,Unknown
21-03-24 14:26,Terr-AIS,3.3,26,1.287795,103.9315,Unknown
21-03-24 14:23,Terr-AIS,3,43,1.285833,103.9298,Unknown
21-03-24 14:19,Terr-AIS,3,48,1.283945,103.9278,Unknown
21-03-24 14:17,Terr-AIS,2.9,50,1.282938,103.9265,Unknown
21-03-24 14:15,Terr-AIS,3,52,1.281835,103.9251,Unknown
21-03-24 14:13,Terr-AIS,3.2,64,1.280945,103.9237,Unknown
21-03-24 14:10,Terr-AIS,2.9,61,1.279713,103.9214,Unknown
21-03-24 14:08,Terr-AIS,3.2,67,1.279015,103.9199,Unknown
21-03-24 14:06,Terr-AIS,4.7,68,1.278293,103.9179,Unknown
21-03-24 14:04,Terr-AIS,5.2,64,1.277187,103.9154,Unknown
21-03-24 14:02,Terr-AIS,5.5,76,1.276272,103.9124,Unknown
21-03-24 14:00,Terr-AIS,5.5,74,1.275552,103.9094,Unknown
21-03-24 13:58,Terr-AIS,5.5,65,1.274597,103.9062,Unknown
21-03-24 13:56,Terr-AIS,5.3,64,1.273272,103.9034,Unknown
21-03-24 13:54,Terr-AIS,5.4,60,1.271973,103.9006,Unknown
21-03-24 13:52,Terr-AIS,5.9,62,1.270612,103.8978,Unknown
21-03-24 13:50,Terr-AIS,5.4,66,1.269205,103.895,Unknown
21-03-24 13:47,Terr-AIS,5.4,63,1.267328,103.8908,Unknown
21-03-24 13:45,Terr-AIS,5.8,70,1.266148,103.888,Unknown
21-03-24 13:43,Terr-AIS,5.8,65,1.26506,103.8851,Unknown
21-03-24 13:41,Terr-AIS,4.5,67,1.264127,103.8826,Unknown
21-03-24 13:39,Terr-AIS,4.5,72,1.263305,103.8802,Unknown
21-03-24 13:37,Terr-AIS,4.7,88,1.262743,103.8777,Unknown
21-03-24 13:35,Terr-AIS,4.3,63,1.26256,103.8752,Unknown
21-03-24 13:33,Terr-AIS,4.6,76,1.261997,103.8726,Unknown
21-03-24 13:31,Terr-AIS,4.8,84,1.261572,103.8701,Unknown
21-03-24 13:29,Terr-AIS,5.8,82,1.261435,103.8673,Unknown
21-03-24 13:27,Terr-AIS,5.7,106,1.261825,103.864,Unknown
21-03-24 13:25,Terr-AIS,5.2,101,1.262495,103.8608,Unknown
21-03-24 13:23,Terr-AIS,5.4,148,1.264685,103.8583,Unknown
21-03-24 13:21,Terr-AIS,4.1,181,1.267452,103.8572,Unknown
21-03-24 13:19,Terr-AIS,2.1,173,1.269462,103.8571,Unknown
21-03-24 13:17,Terr-AIS,0.7,115,1.269625,103.8575,Unknown
21-03-24 13:15,Terr-AIS,0.6,126,1.269768,103.8574,Unknown
21-03-24 13:09,Terr-AIS,0.5,359,1.26978,103.8573,Unknown
21-03-24 13:04,Terr-AIS,0,,1.269807,103.8573,Unknown
21-03-24 12:42,Terr-AIS,0.5,200,1.2698,103.8573,Unknown
21-03-24 12:33,Terr-AIS,0.6,251,1.269795,103.8573,Unknown
21-03-24 12:27,Terr-AIS,1.1,89,1.269768,103.8573,Unknown
21-03-24 12:24,Terr-AIS,0.8,95,1.269557,103.8572,Unknown
21-03-24 12:22,Terr-AIS,5.6,72,1.269393,103.8564,Unknown
21-03-24 12:20,Terr-AIS,0.5,220,1.270187,103.8546,Unknown
21-03-24 12:15,Terr-AIS,0.6,71,1.270122,103.8546,Unknown
21-03-24 12:12,Terr-AIS,0.5,188,1.270118,103.8546,Unknown
21-03-24 12:06,Terr-AIS,0.8,23,1.269967,103.8547,Unknown
21-03-24 12:04,Terr-AIS,0.5,313,1.269942,103.8547,Unknown
21-03-24 12:02,Terr-AIS,0.6,311,1.269928,103.8548,Unknown
21-03-24 11:57,Terr-AIS,0.7,136,1.269993,103.8547,Unknown
21-03-24 11:52,Terr-AIS,0.1,,1.270107,103.8546,Unknown
21-03-24 11:49,Terr-AIS,0.5,262,1.27018,103.8546,Unknown
21-03-24 11:42,Terr-AIS,0.5,260,1.270172,103.8546,Unknown
21-03-24 11:40,Terr-AIS,0.2,,1.270153,103.8546,Unknown
21-03-24 11:38,Terr-AIS,0.6,61,1.270147,103.8546,Unknown
21-03-24 11:33,Terr-AIS,0.7,229,1.27005,103.8546,Unknown
21-03-24 11:29,Terr-AIS,0.5,97,1.270055,103.8547,Unknown
21-03-24 11:23,Terr-AIS,0.6,9,1.27011,103.8546,Unknown
21-03-24 11:20,Terr-AIS,0.5,64,1.270098,103.8546,Unknown
21-03-24 11:12,Terr-AIS,0.5,229,1.270132,103.8546,Unknown
21-03-24 11:03,Terr-AIS,0.7,12,1.270065,103.8547,Unknown
21-03-24 10:52,Terr-AIS,0.5,261,1.269977,103.8547,Unknown
21-03-24 10:34,Terr-AIS,0.6,186,1.269882,103.8548,Unknown
21-03-24 10:28,Terr-AIS,0.5,118,1.269888,103.8548,Unknown
21-03-24 10:26,Terr-AIS,0.5,47,1.269898,103.8548,Unknown
21-03-24 10:15,Terr-AIS,0.5,228,1.269973,103.8548,Unknown
21-03-24 10:11,Terr-AIS,0.2,,1.269928,103.8548,Unknown
21-03-24 9:51,Terr-AIS,0.5,158,1.270037,103.8546,Unknown
21-03-24 9:48,Terr-AIS,0.2,,1.27015,103.8547,Unknown
21-03-24 9:46,Terr-AIS,0.5,55,1.270138,103.8547,Unknown
21-03-24 9:44,Terr-AIS,0.5,327,1.27006,103.8546,Unknown
21-03-24 9:35,Terr-AIS,0.5,288,1.270008,103.8547,Unknown
21-03-24 9:24,Terr-AIS,0.4,275,1.269882,103.8549,Unknown
21-03-24 9:01,Terr-AIS,0.5,143,1.270115,103.8548,Unknown
21-03-24 8:41,Terr-AIS,0.5,301,1.270147,103.8546,Unknown
21-03-24 8:38,Terr-AIS,0,,1.270115,103.8546,Unknown
21-03-24 8:16,Terr-AIS,0.5,49,1.269887,103.8549,Unknown
21-03-24 8:01,Terr-AIS,0.5,144,1.270172,103.8546,Unknown
21-03-24 7:57,Terr-AIS,0.5,198,1.27026,103.8546,Unknown
21-03-24 7:50,Terr-AIS,0.5,340,1.270265,103.8546,Unknown
21-03-24 7:33,Terr-AIS,0.2,,1.269947,103.8549,Unknown
21-03-24 7:12,Terr-AIS,0.2,,1.269878,103.8548,Unknown
21-03-24 6:49,Terr-AIS,0.5,106,1.269958,103.8547,Unknown
21-03-24 6:35,Terr-AIS,0.1,,1.27018,103.8546,Unknown
21-03-24 6:13,Terr-AIS,0,,1.27008,103.8546,Unknown
21-03-24 5:51,Terr-AIS,0.5,300,1.270078,103.8546,Unknown
21-03-24 5:39,Terr-AIS,0,,1.269893,103.8547,Unknown
21-03-24 5:16,Terr-AIS,0.2,,1.270265,103.8546,Unknown
21-03-24 4:55,Terr-AIS,0,,1.270047,103.8546,Unknown
21-03-24 4:33,Terr-AIS,0.1,,1.270267,103.8545,Unknown
21-03-24 4:12,Terr-AIS,0.1,,1.270002,103.8546,Unknown
21-03-24 3:49,Terr-AIS,0.1,,1.269943,103.8547,Unknown
21-03-24 3:26,Terr-AIS,0,,1.270008,103.8547,Unknown
21-03-24 3:06,Terr-AIS,0.5,22,1.270133,103.8546,Unknown
21-03-24 2:55,Terr-AIS,0.1,,1.270097,103.8546,Unknown
21-03-24 2:33,Terr-AIS,0,,1.270068,103.8546,Unknown
21-03-24 2:11,Terr-AIS,0.5,230,1.270038,103.8547,Unknown
21-03-24 2:08,Terr-AIS,0.6,356,1.270022,103.8547,Unknown
21-03-24 2:06,Terr-AIS,0,,1.269993,103.8547,Unknown
21-03-24 1:44,Terr-AIS,0.7,90,1.270077,103.8547,Unknown
21-03-24 1:38,Terr-AIS,0.7,16,1.269983,103.8547,Unknown
21-03-24 1:35,Terr-AIS,0.5,167,1.270038,103.8546,Unknown
21-03-24 1:28,Terr-AIS,0.6,280,1.270115,103.8546,Unknown
21-03-24 1:25,Terr-AIS,0.6,284,1.270147,103.8546,Unknown
21-03-24 1:22,Terr-AIS,0.7,322,1.270045,103.8547,Unknown
21-03-24 1:19,Terr-AIS,0.1,,1.270008,103.8547,Unknown
21-03-24 0:58,Terr-AIS,0.1,,1.269903,103.8547,Unknown
21-03-24 0:37,Terr-AIS,0.2,,1.269932,103.8547,Unknown
21-03-24 0:15,Terr-AIS,0,,1.27006,103.8547,Unknown
21-03-24 0:13,Terr-AIS,0.6,225,1.270075,103.8547,Unknown
21-03-24 0:11,Terr-AIS,0.5,206,1.270125,103.8547,Unknown
20-03-24 23:58,Terr-AIS,0.6,277,1.270108,103.8546,Unknown
20-03-24 23:55,Terr-AIS,0.5,144,1.270125,103.8546,Unknown
20-03-24 23:48,Terr-AIS,0.2,,1.270138,103.8546,Unknown
20-03-24 23:25,Terr-AIS,0.5,222,1.270003,103.8547,Unknown
20-03-24 23:06,Terr-AIS,0.5,139,1.27007,103.8547,Unknown
20-03-24 22:52,Terr-AIS,0.1,,1.270015,103.8547,Unknown
20-03-24 22:29,Terr-AIS,0.1,,1.269975,103.8547,Unknown
20-03-24 22:08,Terr-AIS,0,,1.270017,103.8547,Unknown
20-03-24 21:47,Terr-AIS,0.1,,1.270163,103.8546,Unknown
20-03-24 21:24,Terr-AIS,0,,1.270088,103.8547,Unknown
20-03-24 21:02,Terr-AIS,0,,1.270002,103.8547,Unknown
20-03-24 20:41,Terr-AIS,0.1,,1.269983,103.8547,Unknown
20-03-24 20:19,Terr-AIS,0,,1.269968,103.8547,Unknown
20-03-24 19:56,Terr-AIS,0.5,61,1.26999,103.8547,Unknown
20-03-24 19:42,Terr-AIS,0,,1.269958,103.8547,Unknown
20-03-24 19:21,Terr-AIS,0,,1.269977,103.8547,Unknown
20-03-24 18:59,Terr-AIS,0.1,,1.270108,103.8546,Unknown
20-03-24 18:37,Terr-AIS,0.1,,1.270062,103.8546,Unknown
20-03-24 18:15,Terr-AIS,0.3,,1.270148,103.8546,Unknown
20-03-24 17:54,Terr-AIS,0.1,,1.270125,103.8547,Unknown
20-03-24 17:32,Terr-AIS,0,,1.270055,103.8547,Unknown
20-03-24 17:10,Terr-AIS,0.1,,1.270052,103.8547,Unknown
20-03-24 16:49,Terr-AIS,0,,1.270033,103.8547,Unknown
20-03-24 16:26,Terr-AIS,0,,1.270065,103.8547,Unknown
20-03-24 16:04,Terr-AIS,0.1,,1.270083,103.8547,Unknown
20-03-24 15:43,Terr-AIS,0.2,,1.270048,103.8547,Unknown
20-03-24 15:21,Terr-AIS,0.6,87,1.270075,103.8547,Unknown
20-03-24 15:19,Terr-AIS,0.2,,1.270063,103.8547,Unknown
20-03-24 15:17,Terr-AIS,0.1,,1.27006,103.8547,Unknown
20-03-24 14:55,Terr-AIS,0.7,299,1.270107,103.8547,Unknown
20-03-24 14:36,Terr-AIS,0.5,214,1.27013,103.8547,Unknown
20-03-24 14:32,Terr-AIS,0.6,29,1.270112,103.8547,Unknown
20-03-24 14:30,Terr-AIS,0.5,354,1.270087,103.8547,Unknown
20-03-24 14:09,Terr-AIS,0.5,313,1.27019,103.8547,Unknown
20-03-24 14:06,Terr-AIS,0.1,,1.270168,103.8547,Unknown
20-03-24 14:04,Terr-AIS,0.5,281,1.270162,103.8546,Unknown
20-03-24 14:02,Terr-AIS,0.5,264,1.270163,103.8546,Unknown
20-03-24 13:57,Terr-AIS,0.5,299,1.270162,103.8546,Unknown
20-03-24 13:52,Terr-AIS,0.7,208,1.270163,103.8546,Unknown
20-03-24 13:49,Terr-AIS,0.6,246,1.270158,103.8547,Unknown
20-03-24 13:42,Terr-AIS,0.5,70,1.270142,103.8547,Unknown
20-03-24 13:40,Terr-AIS,0.7,160,1.270153,103.8547,Unknown
20-03-24 13:35,Terr-AIS,0,,1.270217,103.8547,Unknown
20-03-24 13:33,Terr-AIS,0.5,190,1.270207,103.8547,Unknown
20-03-24 13:30,Terr-AIS,0.6,302,1.27019,103.8547,Unknown
20-03-24 13:26,Terr-AIS,0.9,281,1.270143,103.8547,Unknown
20-03-24 13:24,Terr-AIS,0.5,323,1.270125,103.8547,Unknown
20-03-24 13:18,Terr-AIS,0.5,94,1.270083,103.8547,Unknown
20-03-24 13:11,Terr-AIS,2.1,234,1.270548,103.8548,Unknown
20-03-24 13:09,Terr-AIS,1.3,225,1.269782,103.8564,Unknown
20-03-24 13:07,Terr-AIS,0.8,,1.26999,103.8566,Unknown
20-03-24 13:05,Terr-AIS,0.4,,1.27002,103.8566,Unknown
20-03-24 13:02,Terr-AIS,0.3,,1.269995,103.8566,Unknown
20-03-24 13:00,Terr-AIS,0.1,,1.270023,103.8565,Unknown
20-03-24 12:58,Terr-AIS,1,,1.270007,103.8567,Unknown
20-03-24 12:56,Terr-AIS,0,,1.269988,103.8567,Unknown
20-03-24 12:54,Terr-AIS,0.6,,1.269967,103.8567,Unknown
20-03-24 12:48,Terr-AIS,0.5,,1.269975,103.8567,Unknown
20-03-24 12:46,Terr-AIS,1.2,,1.270005,103.8566,Unknown
20-03-24 12:43,Terr-AIS,0.8,,1.270002,103.8566,Unknown
20-03-24 12:41,Terr-AIS,0.5,,1.26997,103.8566,Unknown
20-03-24 12:39,Terr-AIS,0.2,,1.269968,103.8567,Unknown
20-03-24 12:37,Terr-AIS,5.4,47,1.26949,103.8556,Unknown
20-03-24 12:35,Terr-AIS,0.5,140,1.27009,103.8546,Unknown
20-03-24 12:31,Terr-AIS,0.5,3,1.270095,103.8546,Unknown
20-03-24 12:29,Terr-AIS,1,77,1.270057,103.8546,Unknown
20-03-24 12:27,Terr-AIS,0.5,143,1.270083,103.8546,Unknown
20-03-24 12:23,Terr-AIS,0.7,338,1.270192,103.8546,Unknown
20-03-24 12:19,Terr-AIS,0.5,64,1.270118,103.8546,Unknown
20-03-24 12:17,Terr-AIS,0.5,351,1.270118,103.8546,Unknown
20-03-24 12:05,Terr-AIS,0.5,140,1.27014,103.8546,Unknown
20-03-24 12:03,Terr-AIS,1.1,185,1.270265,103.8546,Unknown
20-03-24 11:58,Terr-AIS,0.6,5,1.270162,103.8546,Unknown
20-03-24 11:52,Terr-AIS,0.5,187,1.270177,103.8546,Unknown
20-03-24 11:48,Terr-AIS,0.3,,1.270187,103.8546,Unknown
20-03-24 11:46,Terr-AIS,0.5,319,1.270167,103.8546,Unknown
20-03-24 11:43,Terr-AIS,0,,1.270128,103.8546,Unknown
20-03-24 11:41,Terr-AIS,0.5,20,1.270165,103.8546,Unknown
20-03-24 11:39,Terr-AIS,0.5,46,1.270135,103.8546,Unknown
20-03-24 11:35,Terr-AIS,0.7,235,1.270205,103.8546,Unknown
20-03-24 11:31,Terr-AIS,0.2,,1.270172,103.8546,Unknown
20-03-24 11:28,Terr-AIS,0.5,269,1.270115,103.8546,Unknown
20-03-24 11:26,Terr-AIS,0.5,158,1.270138,103.8546,Unknown
20-03-24 11:24,Terr-AIS,0.6,358,1.27015,103.8546,Unknown
20-03-24 11:21,Terr-AIS,0.5,355,1.270052,103.8546,Unknown
20-03-24 11:13,Terr-AIS,0.5,256,1.27,103.8546,Unknown
20-03-24 11:09,Terr-AIS,0.5,294,1.27001,103.8546,Unknown
20-03-24 11:06,Terr-AIS,0.5,141,1.270012,103.8546,Unknown
20-03-24 11:04,Terr-AIS,0.5,216,1.27006,103.8546,Unknown
20-03-24 11:00,Terr-AIS,0.5,237,1.270153,103.8546,Unknown
20-03-24 10:51,Terr-AIS,0.5,311,1.270075,103.8546,Unknown
20-03-24 10:41,Terr-AIS,0.5,200,1.27012,103.8546,Unknown
20-03-24 10:34,Terr-AIS,0.5,181,1.270152,103.8545,Unknown
20-03-24 10:32,Terr-AIS,0.1,,1.270108,103.8546,Unknown
20-03-24 10:29,Terr-AIS,0.3,237,1.27005,103.8546,Unknown
20-03-24 10:26,Terr-AIS,0.1,,1.270022,103.8546,Unknown
20-03-24 10:03,Terr-AIS,0.2,,1.270138,103.8545,Unknown
20-03-24 10:01,Terr-AIS,0.3,66,1.270123,103.8545,Unknown
20-03-24 9:59,Terr-AIS,1.1,17,1.270117,103.8546,Unknown
20-03-24 9:51,Terr-AIS,0.6,334,1.270007,103.8546,Unknown
20-03-24 9:41,Terr-AIS,0.5,135,1.270043,103.8546,Unknown
20-03-24 9:38,Terr-AIS,0.5,321,1.270077,103.8546,Unknown
20-03-24 9:31,Terr-AIS,0.7,122,1.270147,103.8546,Unknown
20-03-24 9:27,Terr-AIS,0.8,303,1.270128,103.8546,Unknown
20-03-24 9:25,Terr-AIS,0.7,267,1.27005,103.8546,Unknown
20-03-24 9:20,Terr-AIS,0.1,,1.27016,103.8545,Unknown
20-03-24 9:17,Terr-AIS,0.2,,1.270203,103.8546,Unknown
20-03-24 9:15,Terr-AIS,0.7,179,1.27024,103.8546,Unknown
20-03-24 9:12,Terr-AIS,0.1,,1.270252,103.8546,Unknown
20-03-24 9:10,Terr-AIS,0.6,323,1.270185,103.8546,Unknown
20-03-24 9:07,Terr-AIS,0.5,11,1.270022,103.8546,Unknown
20-03-24 9:04,Terr-AIS,0.7,353,1.270002,103.8546,Unknown
20-03-24 8:59,Terr-AIS,0.2,,1.270132,103.8546,Unknown
20-03-24 8:56,Terr-AIS,0.6,100,1.270153,103.8546,Unknown
20-03-24 8:53,Terr-AIS,0.5,241,1.270173,103.8546,Unknown
20-03-24 8:50,Terr-AIS,0.7,280,1.27021,103.8546,Unknown
20-03-24 8:47,Terr-AIS,0.5,166,1.27019,103.8546,Unknown
20-03-24 8:44,Terr-AIS,0.2,,1.270183,103.8546,Unknown
20-03-24 8:42,Terr-AIS,0.4,195,1.270223,103.8546,Unknown
20-03-24 8:40,Terr-AIS,0.3,,1.27031,103.8546,Unknown
20-03-24 8:38,Terr-AIS,0.1,,1.270335,103.8546,Unknown
20-03-24 8:35,Terr-AIS,0.4,19,1.270385,103.8546,Unknown
20-03-24 8:32,Terr-AIS,0.1,,1.27033,103.8546,Unknown
20-03-24 8:30,Terr-AIS,0.5,248,1.270308,103.8546,Unknown
20-03-24 8:28,Terr-AIS,0.9,104,1.270277,103.8546,Unknown
20-03-24 8:24,Terr-AIS,0.8,311,1.270332,103.8546,Unknown
20-03-24 8:21,Terr-AIS,0.2,,1.27039,103.8547,Unknown
20-03-24 8:19,Terr-AIS,1.2,67,1.27049,103.8545,Unknown
20-03-24 8:17,Terr-AIS,1.3,90,1.270187,103.8543,Unknown
20-03-24 8:15,Terr-AIS,3.7,320,1.268705,103.8549,Unknown
20-03-24 8:13,Terr-AIS,7,320,1.26595,103.8572,Unknown
20-03-24 8:11,Terr-AIS,7.7,307,1.262942,103.8601,Unknown
20-03-24 8:09,Terr-AIS,7.8,275,1.261545,103.8641,Unknown
20-03-24 8:07,Terr-AIS,7.6,269,1.261172,103.8683,Unknown
20-03-24 8:05,Terr-AIS,7.1,290,1.260558,103.8723,Unknown
20-03-24 8:02,Terr-AIS,7,288,1.25836,103.8777,Unknown
20-03-24 8:00,Terr-AIS,7.1,286,1.25714,103.8815,Unknown
20-03-24 7:58,Terr-AIS,7.3,279,1.25629,103.8858,Unknown
20-03-24 7:56,Terr-AIS,7.3,278,1.255537,103.8898,Unknown
20-03-24 7:54,Terr-AIS,7.2,286,1.254973,103.8937,Unknown
20-03-24 7:51,Terr-AIS,6.7,266,1.25392,103.8995,Unknown
20-03-24 7:49,Terr-AIS,6.8,279,1.25398,103.9032,Unknown
20-03-24 7:46,Terr-AIS,6.7,284,1.253112,103.9086,Unknown
20-03-24 7:44,Terr-AIS,6.3,285,1.252255,103.9121,Unknown
20-03-24 7:42,Terr-AIS,4,331,1.251055,103.915,Unknown
20-03-24 7:40,Terr-AIS,1.1,105,1.250842,103.9148,Unknown
20-03-24 7:38,Terr-AIS,0.5,,1.250833,103.9144,Unknown
20-03-24 7:36,Terr-AIS,0.7,,1.250917,103.9144,Unknown
20-03-24 7:33,Terr-AIS,0.5,,1.250875,103.9144,Unknown
20-03-24 7:31,Terr-AIS,0.1,,1.250983,103.9144,Unknown
20-03-24 7:28,Terr-AIS,0.9,323,1.2511,103.9145,Unknown
20-03-24 7:26,Terr-AIS,0.9,150,1.251093,103.9145,Unknown
20-03-24 7:24,Terr-AIS,0.4,,1.251127,103.9145,Unknown
20-03-24 7:22,Terr-AIS,0.3,,1.251117,103.9145,Unknown
20-03-24 7:19,Terr-AIS,1.1,340,1.251093,103.9145,Unknown
20-03-24 7:16,Terr-AIS,0.7,49,1.25108,103.9146,Unknown
20-03-24 7:14,Terr-AIS,0.5,350,1.251023,103.9145,Unknown
20-03-24 7:12,Terr-AIS,0.8,9,1.25098,103.9146,Unknown
20-03-24 7:10,Terr-AIS,0.8,26,1.250958,103.9145,Unknown
20-03-24 7:08,Terr-AIS,0.6,,1.250918,103.9146,Unknown
20-03-24 7:05,Terr-AIS,0.9,54,1.25089,103.9146,Unknown
20-03-24 7:03,Terr-AIS,0.6,11,1.250908,103.9146,Unknown
20-03-24 7:00,Terr-AIS,1,282,1.2509,103.9146,Unknown
20-03-24 6:58,Terr-AIS,0.6,,1.25095,103.9146,Unknown
20-03-24 6:54,Terr-AIS,0.4,,1.250977,103.9146,Unknown
20-03-24 6:52,Terr-AIS,0.9,25,1.25096,103.9146,Unknown
20-03-24 6:50,Terr-AIS,0.5,,1.250923,103.9146,Unknown
20-03-24 6:48,Terr-AIS,0.5,,1.25089,103.9146,Unknown
20-03-24 6:45,Terr-AIS,0.6,,1.250885,103.9146,Unknown
20-03-24 6:43,Terr-AIS,0.5,81,1.250912,103.9146,Unknown
20-03-24 6:41,Terr-AIS,0.7,123,1.250932,103.9146,Unknown
20-03-24 6:36,Terr-AIS,0.6,,1.250998,103.9145,Unknown
20-03-24 6:34,Terr-AIS,0.2,,1.250993,103.9145,Unknown
20-03-24 6:32,Terr-AIS,0.6,359,1.25103,103.9145,Unknown
20-03-24 6:29,Terr-AIS,0.7,,1.251017,103.9145,Unknown
20-03-24 6:26,Terr-AIS,0,,1.251057,103.9145,Unknown
20-03-24 6:24,Terr-AIS,0.3,,1.251057,103.9145,Unknown
20-03-24 6:22,Terr-AIS,0.3,,1.25107,103.9146,Unknown
20-03-24 6:20,Terr-AIS,0.4,,1.251073,103.9146,Unknown
20-03-24 6:18,Terr-AIS,0.5,11,1.251102,103.9147,Unknown
20-03-24 6:15,Terr-AIS,0.5,,1.251088,103.9147,Unknown
20-03-24 6:12,Terr-AIS,0.6,344,1.25106,103.9147,Unknown
20-03-24 6:10,Terr-AIS,0.6,,1.25105,103.9147,Unknown
20-03-24 6:07,Terr-AIS,0.7,7,1.251045,103.9147,Unknown
20-03-24 6:03,Terr-AIS,0.7,,1.250968,103.9147,Unknown
20-03-24 6:01,Terr-AIS,0.5,,1.250982,103.9148,Unknown
20-03-24 5:58,Terr-AIS,0.5,26,1.250953,103.9147,Unknown
20-03-24 5:56,Terr-AIS,0.6,84,1.25091,103.9147,Unknown
20-03-24 5:54,Terr-AIS,0.5,133,1.250903,103.9147,Unknown
20-03-24 5:51,Terr-AIS,0.7,168,1.250947,103.9147,Unknown
20-03-24 5:45,Terr-AIS,0.6,178,1.25109,103.9146,Unknown
20-03-24 5:43,Terr-AIS,0.7,98,1.25113,103.9146,Unknown
20-03-24 5:41,Terr-AIS,0.5,,1.251232,103.9145,Unknown
20-03-24 5:39,Terr-AIS,0.5,,1.251265,103.9144,Unknown
20-03-24 5:36,Terr-AIS,0.6,,1.251338,103.9144,Unknown
20-03-24 5:32,Terr-AIS,0.6,,1.251388,103.9143,Unknown
20-03-24 5:29,Terr-AIS,0.5,,1.251417,103.9143,Unknown
20-03-24 5:26,Terr-AIS,0.5,,1.251433,103.9143,Unknown
20-03-24 5:22,Terr-AIS,0.6,,1.251438,103.9144,Unknown
20-03-24 5:20,Terr-AIS,0.6,,1.251422,103.9144,Unknown
20-03-24 5:18,Terr-AIS,1.2,3,1.251368,103.9144,Unknown
20-03-24 5:08,Terr-AIS,0.5,,1.251245,103.9146,Unknown
20-03-24 5:06,Terr-AIS,0.7,,1.251238,103.9146,Unknown
20-03-24 5:04,Terr-AIS,0.5,,1.251248,103.9145,Unknown
20-03-24 5:00,Terr-AIS,0.8,,1.251188,103.9145,Unknown
20-03-24 4:55,Terr-AIS,0.7,,1.25112,103.9145,Unknown
20-03-24 4:51,Terr-AIS,0.8,347,1.251032,103.9146,Unknown
20-03-24 4:49,Terr-AIS,0.7,,1.25102,103.9146,Unknown
20-03-24 4:47,Terr-AIS,0.5,331,1.251013,103.9146,Unknown
20-03-24 4:45,Terr-AIS,0.5,,1.250952,103.9147,Unknown
20-03-24 4:43,Terr-AIS,0.5,,1.250928,103.9147,Unknown
20-03-24 4:41,Terr-AIS,0.5,,1.250888,103.9147,Unknown
20-03-24 4:38,Terr-AIS,0.4,,1.250832,103.9147,Unknown
20-03-24 4:36,Terr-AIS,1.5,354,1.250795,103.9148,Unknown
20-03-24 4:34,Terr-AIS,0.6,,1.250742,103.9148,Unknown
20-03-24 4:32,Terr-AIS,0.6,,1.25069,103.9148,Unknown
20-03-24 4:30,Terr-AIS,0.5,354,1.25065,103.9148,Unknown
20-03-24 4:28,Terr-AIS,0.8,144,1.250577,103.9148,Unknown
20-03-24 4:25,Terr-AIS,0.5,,1.25057,103.9148,Unknown
20-03-24 4:22,Terr-AIS,0.4,,1.250552,103.9147,Unknown
20-03-24 4:20,Terr-AIS,0.5,,1.250518,103.9147,Unknown
20-03-24 4:18,Terr-AIS,0.3,,1.250443,103.9147,Unknown
20-03-24 4:15,Terr-AIS,0.1,,1.250442,103.9148,Unknown
20-03-24 4:13,Terr-AIS,0,,1.250402,103.9148,Unknown
20-03-24 4:11,Terr-AIS,0.5,,1.250362,103.9148,Unknown
20-03-24 4:09,Terr-AIS,0.5,,1.250322,103.9148,Unknown
20-03-24 4:07,Terr-AIS,0.5,18,1.250287,103.9149,Unknown
20-03-24 4:05,Terr-AIS,0.5,,1.250263,103.9149,Unknown
20-03-24 4:02,Terr-AIS,0.7,24,1.250225,103.9149,Unknown
20-03-24 4:00,Terr-AIS,0.5,,1.250088,103.9149,Unknown
20-03-24 3:58,Terr-AIS,0.1,,1.249977,103.9148,Unknown
20-03-24 3:56,Terr-AIS,0.1,,1.24993,103.9148,Unknown
20-03-24 3:54,Terr-AIS,0.5,,1.249832,103.9147,Unknown
20-03-24 3:51,Terr-AIS,0.7,,1.249747,103.9147,Unknown
20-03-24 3:49,Terr-AIS,0.5,,1.24963,103.9146,Unknown
20-03-24 3:44,Terr-AIS,0.2,,1.249397,103.9145,Unknown
20-03-24 3:42,Terr-AIS,0.7,,1.249293,103.9144,Unknown
20-03-24 3:38,Terr-AIS,1.1,356,1.249125,103.9143,Unknown
20-03-24 3:36,Terr-AIS,0.3,,1.249063,103.9143,Unknown
20-03-24 3:33,Terr-AIS,0.2,,1.24892,103.9143,Unknown
20-03-24 3:31,Terr-AIS,0.1,,1.248938,103.9142,Unknown
20-03-24 3:29,Terr-AIS,0.7,,1.248908,103.9143,Unknown
20-03-24 3:27,Terr-AIS,0.5,,1.248947,103.9142,Unknown
20-03-24 3:25,Terr-AIS,0.9,78,1.248887,103.9143,Unknown
20-03-24 3:21,Terr-AIS,1.1,233,1.248838,103.9142,Unknown
20-03-24 3:19,Terr-AIS,0.6,56,1.248848,103.9141,Unknown
20-03-24 3:16,Terr-AIS,0.7,,1.248905,103.9139,Unknown
20-03-24 3:13,Terr-AIS,0.1,,1.248878,103.9138,Unknown
20-03-24 3:11,Terr-AIS,0,,1.248888,103.9137,Unknown
20-03-24 3:09,Terr-AIS,2.9,40,1.248002,103.9144,Unknown
20-03-24 3:06,Terr-AIS,0.6,154,1.248402,103.9133,Unknown
20-03-24 3:03,Terr-AIS,0.5,75,1.248163,103.9134,Unknown
20-03-24 2:56,Terr-AIS,0.5,41,1.248015,103.9133,Unknown
20-03-24 2:49,Terr-AIS,0.2,,1.247905,103.9132,Unknown
20-03-24 2:47,Terr-AIS,0.5,149,1.248022,103.913,Unknown
20-03-24 2:45,Terr-AIS,0.4,322,1.248057,103.9129,Unknown
20-03-24 2:42,Terr-AIS,0.1,,1.247912,103.913,Unknown
20-03-24 2:40,Terr-AIS,0.1,,1.24797,103.9128,Unknown
20-03-24 2:37,Terr-AIS,0.1,,1.248048,103.9127,Unknown
20-03-24 2:35,Terr-AIS,0.9,70,1.247702,103.9126,Unknown
20-03-24 2:33,Terr-AIS,7.4,101,1.248007,103.9102,Unknown
20-03-24 2:31,Terr-AIS,7.5,110,1.249083,103.9062,Unknown
20-03-24 2:29,Terr-AIS,7.3,105,1.250305,103.9022,Unknown
20-03-24 2:27,Terr-AIS,7.4,114,1.251923,103.8985,Unknown
20-03-24 2:25,Terr-AIS,7.1,109,1.25358,103.8947,Unknown
20-03-24 2:23,Terr-AIS,7.2,99,1.25475,103.8905,Unknown
20-03-24 2:21,Terr-AIS,7.4,101,1.25549,103.8865,Unknown
20-03-24 2:19,Terr-AIS,7.5,96,1.256262,103.8824,Unknown
20-03-24 2:16,Terr-AIS,7.3,102,1.257605,103.8764,Unknown
20-03-24 2:14,Terr-AIS,7.6,101,1.258553,103.8722,Unknown
20-03-24 2:12,Terr-AIS,7.5,104,1.259485,103.8681,Unknown
20-03-24 2:10,Terr-AIS,7.2,109,1.260637,103.8641,Unknown
20-03-24 2:07,Terr-AIS,6.9,135,1.263577,103.8591,Unknown
20-03-24 2:04,Terr-AIS,4.5,176,1.267978,103.8561,Unknown
20-03-24 2:02,Terr-AIS,2.9,214,1.269443,103.8567,Unknown
20-03-24 1:51,Terr-AIS,0.7,,1.269753,103.8569,Unknown
20-03-24 1:40,Terr-AIS,0,,1.269757,103.8569,Unknown
20-03-24 1:17,Terr-AIS,1.1,,1.269783,103.8569,Unknown
20-03-24 1:08,Terr-AIS,1.8,,1.269755,103.8569,Unknown
20-03-24 1:05,Terr-AIS,0.5,,1.269758,103.8569,Unknown
20-03-24 0:54,Terr-AIS,1.2,30,1.269647,103.8568,Unknown
20-03-24 0:52,Terr-AIS,3.1,116,1.27044,103.8555,Unknown
20-03-24 0:50,Terr-AIS,0.8,10,1.270268,103.8546,Unknown
20-03-24 0:40,Terr-AIS,0,,1.270182,103.8546,Unknown
20-03-24 0:18,Terr-AIS,0.6,247,1.270225,103.8547,Unknown
20-03-24 0:16,Terr-AIS,1.3,353,1.270102,103.8547,Unknown
19-03-24 23:56,Terr-AIS,0.1,,1.27003,103.8547,Unknown
19-03-24 23:35,Terr-AIS,0,,1.270088,103.8547,Unknown
19-03-24 23:13,Terr-AIS,0,,1.269997,103.8547,Unknown
19-03-24 22:52,Terr-AIS,0.2,,1.270043,103.8547,Unknown
19-03-24 22:31,Terr-AIS,0,,1.270015,103.8547,Unknown
19-03-24 22:09,Terr-AIS,0.1,,1.270087,103.8547,Unknown
19-03-24 21:47,Terr-AIS,0,,1.270133,103.8546,Unknown
19-03-24 11:55,Terr-AIS,0.5,83,1.270023,103.8546,Unknown
19-03-24 11:40,Terr-AIS,0.5,256,1.270113,103.8546,Unknown
19-03-24 11:31,Terr-AIS,0.5,126,1.270203,103.8546,Unknown
19-03-24 11:25,Terr-AIS,0.8,88,1.27024,103.8546,Unknown
19-03-24 11:21,Terr-AIS,0.5,293,1.27022,103.8546,Unknown
19-03-24 11:11,Terr-AIS,0.5,222,1.270283,103.8547,Unknown
19-03-24 11:07,Terr-AIS,0.3,,1.270397,103.8546,Unknown
19-03-24 11:05,Terr-AIS,6.6,340,1.26995,103.8543,Unknown
19-03-24 11:02,Terr-AIS,6.9,324,1.265553,103.8581,Unknown
19-03-24 11:00,Terr-AIS,6.9,300,1.262762,103.8608,Unknown
19-03-24 10:58,Terr-AIS,6.9,276,1.261248,103.8643,Unknown
19-03-24 10:56,Terr-AIS,8.2,257,1.261048,103.8685,Unknown
19-03-24 10:52,Terr-AIS,7.9,256,1.262993,103.8752,Unknown
19-03-24 10:50,Terr-AIS,8,257,1.264118,103.8795,Unknown
19-03-24 10:48,Terr-AIS,8.1,246,1.265518,103.8845,Unknown
19-03-24 10:46,Terr-AIS,8,256,1.26654,103.8889,Unknown
19-03-24 10:44,Terr-AIS,8,257,1.267483,103.8932,Unknown
19-03-24 10:42,Terr-AIS,7.9,259,1.268638,103.898,Unknown
19-03-24 10:40,Terr-AIS,8,256,1.269502,103.9024,Unknown
19-03-24 10:38,Terr-AIS,8,257,1.27051,103.9068,Unknown
19-03-24 10:36,Terr-AIS,8.2,258,1.271685,103.9112,Unknown
19-03-24 10:34,Terr-AIS,8.2,258,1.272683,103.9157,Unknown
19-03-24 10:32,Terr-AIS,8.1,258,1.273517,103.9202,Unknown
19-03-24 10:30,Terr-AIS,8.2,262,1.274238,103.9246,Unknown
19-03-24 10:28,Terr-AIS,8.3,247,1.275103,103.929,Unknown
19-03-24 10:26,Terr-AIS,7.9,268,1.277268,103.933,Unknown
19-03-24 10:24,Terr-AIS,8,265,1.277325,103.9375,Unknown
19-03-24 10:22,Terr-AIS,8.2,260,1.27794,103.942,Unknown
19-03-24 10:20,Terr-AIS,8.3,260,1.278568,103.9465,Unknown
19-03-24 10:18,Terr-AIS,8,250,1.279565,103.9509,Unknown
19-03-24 10:15,Terr-AIS,8.1,272,1.280685,103.9575,Unknown
19-03-24 10:13,Terr-AIS,8.2,282,1.280013,103.9618,Unknown
19-03-24 10:11,Terr-AIS,8.2,263,1.280268,103.9663,Unknown
19-03-24 10:08,Terr-AIS,7.9,258,1.281353,103.9729,Unknown
19-03-24 10:05,Terr-AIS,1.5,261,1.28187,103.9782,Unknown
19-03-24 10:03,Terr-AIS,1.9,290,1.28197,103.9792,Unknown
19-03-24 10:01,Terr-AIS,0.5,322,1.28084,103.9791,Unknown
19-03-24 9:58,Terr-AIS,0.1,,1.280788,103.9791,Unknown
19-03-24 9:55,Terr-AIS,0.2,,1.280745,103.9791,Unknown
19-03-24 9:53,Terr-AIS,0.5,187,1.280732,103.9791,Unknown
19-03-24 9:51,Terr-AIS,0.7,52,1.280688,103.9792,Unknown
19-03-24 9:48,Terr-AIS,0.6,50,1.28067,103.9792,Unknown
19-03-24 9:45,Terr-AIS,0.5,302,1.280672,103.9792,Unknown
19-03-24 9:34,Terr-AIS,0.5,2,1.280697,103.9792,Unknown
19-03-24 9:25,Terr-AIS,0.5,287,1.280688,103.9792,Unknown
19-03-24 9:22,Terr-AIS,0.6,171,1.280788,103.9791,Unknown
19-03-24 9:20,Terr-AIS,0.6,182,1.280895,103.9791,Unknown
19-03-24 9:18,Terr-AIS,0.5,170,1.281015,103.9791,Unknown
19-03-24 9:15,Terr-AIS,0.2,,1.281132,103.979,Unknown
19-03-24 9:13,Terr-AIS,0,,1.281177,103.979,Unknown
19-03-24 9:11,Terr-AIS,0.1,,1.281183,103.979,Unknown
19-03-24 9:09,Terr-AIS,0.6,316,1.281147,103.979,Unknown
19-03-24 9:06,Terr-AIS,0,,1.281073,103.979,Unknown
19-03-24 9:03,Terr-AIS,0.3,,1.280977,103.979,Unknown
19-03-24 9:00,Terr-AIS,0.6,334,1.280838,103.9791,Unknown
19-03-24 8:58,Terr-AIS,0.5,341,1.280715,103.9791,Unknown
19-03-24 8:56,Terr-AIS,0.4,343,1.280567,103.9792,Unknown
19-03-24 8:54,Terr-AIS,0.4,339,1.28039,103.9793,Unknown
19-03-24 8:52,Terr-AIS,1.1,309,1.280258,103.9794,Unknown
19-03-24 8:50,Terr-AIS,0.6,58,1.280167,103.9796,Unknown
19-03-24 8:46,Terr-AIS,0.9,301,1.280012,103.9799,Unknown
19-03-24 8:44,Terr-AIS,0.5,280,1.279958,103.9801,Unknown
19-03-24 8:42,Terr-AIS,0.5,289,1.279935,103.9803,Unknown
19-03-24 8:39,Terr-AIS,0.1,,1.279918,103.9805,Unknown
19-03-24 8:37,Terr-AIS,0.3,268,1.2799,103.9807,Unknown
19-03-24 8:35,Terr-AIS,0.1,,1.279935,103.9809,Unknown
19-03-24 8:33,Terr-AIS,0.3,,1.279983,103.9811,Unknown
19-03-24 8:31,Terr-AIS,0.7,220,1.280068,103.9813,Unknown
19-03-24 8:29,Terr-AIS,0.6,243,1.280162,103.9814,Unknown
19-03-24 8:26,Terr-AIS,0.3,,1.28031,103.9816,Unknown
19-03-24 8:24,Terr-AIS,0.7,227,1.280412,103.9817,Unknown
19-03-24 8:21,Terr-AIS,0.8,313,1.280407,103.9818,Unknown
19-03-24 8:18,Terr-AIS,0.7,253,1.280355,103.9821,Unknown
19-03-24 8:16,Terr-AIS,0.6,234,1.28046,103.9823,Unknown
19-03-24 8:14,Terr-AIS,0.8,209,1.280588,103.9824,Unknown
19-03-24 8:09,Terr-AIS,0.5,250,1.280858,103.9826,Unknown
19-03-24 8:06,Terr-AIS,0.7,223,1.280952,103.9827,Unknown
19-03-24 8:02,Terr-AIS,0.1,,1.281068,103.9829,Unknown
19-03-24 7:59,Terr-AIS,0.2,,1.281105,103.983,Unknown
19-03-24 7:57,Terr-AIS,0.5,,1.281088,103.9831,Unknown
19-03-24 7:54,Terr-AIS,0.6,286,1.281037,103.9832,Unknown
19-03-24 7:52,Terr-AIS,0.5,297,1.281008,103.9833,Unknown
19-03-24 7:47,Terr-AIS,0.5,328,1.280955,103.9834,Unknown
19-03-24 7:42,Terr-AIS,0.5,133,1.280987,103.9833,Unknown
19-03-24 7:38,Terr-AIS,0.6,135,1.281085,103.9833,Unknown
19-03-24 7:36,Terr-AIS,0.5,,1.281193,103.9832,Unknown
19-03-24 7:31,Terr-AIS,0.3,,1.281408,103.9831,Unknown
19-03-24 7:29,Terr-AIS,0.4,133,1.281505,103.9831,Unknown
19-03-24 7:26,Terr-AIS,0.5,164,1.281638,103.9831,Unknown
19-03-24 7:24,Terr-AIS,0.2,,1.281723,103.9831,Unknown
19-03-24 7:21,Terr-AIS,0.2,,1.281817,103.9831,Unknown
19-03-24 7:19,Terr-AIS,0.4,156,1.281903,103.9831,Unknown
19-03-24 7:16,Terr-AIS,0.2,,1.281975,103.9832,Unknown
19-03-24 7:14,Terr-AIS,0.3,,1.28203,103.9832,Unknown
19-03-24 7:12,Terr-AIS,0,,1.282048,103.9833,Unknown
19-03-24 7:10,Terr-AIS,0.2,,1.282027,103.9833,Unknown
19-03-24 7:07,Terr-AIS,0.2,,1.282003,103.9834,Unknown
19-03-24 7:05,Terr-AIS,0.5,282,1.281925,103.9834,Unknown
19-03-24 7:02,Terr-AIS,4.1,75,1.281853,103.983,Unknown
19-03-24 7:00,Terr-AIS,7.3,75,1.280147,103.9795,Unknown
19-03-24 6:57,Terr-AIS,7.4,68,1.278095,103.9737,Unknown
19-03-24 6:55,Terr-AIS,6.9,68,1.276583,103.9698,Unknown
19-03-24 6:53,Terr-AIS,7.6,86,1.275307,103.9659,Unknown
19-03-24 6:51,Terr-AIS,7.6,91,1.275553,103.9618,Unknown
19-03-24 6:49,Terr-AIS,7.4,89,1.27549,103.9576,Unknown
19-03-24 6:47,Terr-AIS,7.2,81,1.275135,103.9534,Unknown
19-03-24 6:45,Terr-AIS,7.3,79,1.27464,103.9493,Unknown
19-03-24 6:42,Terr-AIS,7.9,69,1.272602,103.9434,Unknown
19-03-24 6:40,Terr-AIS,8,67,1.270797,103.9395,Unknown
19-03-24 6:38,Terr-AIS,8,74,1.269373,103.9355,Unknown
19-03-24 6:36,Terr-AIS,7,77,1.268372,103.9314,Unknown
19-03-24 6:34,Terr-AIS,7.6,72,1.26724,103.9273,Unknown
19-03-24 6:31,Terr-AIS,7.4,67,1.264885,103.9215,Unknown
19-03-24 6:28,Terr-AIS,7.8,67,1.262577,103.9156,Unknown
19-03-24 6:26,Terr-AIS,7.1,73,1.261325,103.9116,Unknown
19-03-24 6:24,Terr-AIS,7,93,1.260537,103.9075,Unknown
19-03-24 6:22,Terr-AIS,7.2,95,1.260447,103.9028,Unknown
19-03-24 6:20,Terr-AIS,7,95,1.260843,103.8989,Unknown
19-03-24 6:18,Terr-AIS,6.8,99,1.261377,103.8951,Unknown
19-03-24 6:15,Terr-AIS,6.9,76,1.261733,103.8894,Unknown
19-03-24 6:13,Terr-AIS,6.9,77,1.260733,103.8857,Unknown
19-03-24 6:11,Terr-AIS,6.8,92,1.260292,103.8819,Unknown
19-03-24 6:09,Terr-AIS,6.8,95,1.260478,103.8781,Unknown
19-03-24 6:07,Terr-AIS,6.9,95,1.260862,103.8743,Unknown
19-03-24 6:05,Terr-AIS,6.9,85,1.260997,103.8698,Unknown
19-03-24 6:03,Terr-AIS,6.5,85,1.260797,103.8661,Unknown
19-03-24 6:01,Terr-AIS,6.6,106,1.26112,103.8625,Unknown
19-03-24 5:59,Terr-AIS,6.5,133,1.263107,103.8596,Unknown
19-03-24 5:57,Terr-AIS,6.9,150,1.266033,103.8572,Unknown
19-03-24 5:55,Terr-AIS,1,204,1.268983,103.8564,Unknown
19-03-24 5:53,Terr-AIS,1.9,213,1.2696,103.8567,Unknown
19-03-24 5:44,Terr-AIS,1.3,,1.269745,103.857,Unknown
19-03-24 5:38,Terr-AIS,0.2,,1.269727,103.857,Unknown
19-03-24 5:36,Terr-AIS,1,156,1.269588,103.8571,Unknown
19-03-24 5:21,Terr-AIS,0.1,,1.26965,103.8571,Unknown
19-03-24 4:59,Terr-AIS,0.3,,1.269627,103.8571,Unknown
19-03-24 4:57,Terr-AIS,2.9,94,1.27063,103.8547,Unknown
19-03-24 4:55,Terr-AIS,0.5,233,1.270285,103.8545,Unknown
19-03-24 4:52,Terr-AIS,0.9,176,1.270297,103.8545,Unknown
19-03-24 4:45,Terr-AIS,0.5,352,1.270217,103.8545,Unknown
19-03-24 4:42,Terr-AIS,0.5,287,1.2702,103.8546,Unknown
19-03-24 4:40,Terr-AIS,0.8,11,1.270067,103.8544,Unknown
19-03-24 4:38,Terr-AIS,1.1,240,1.270123,103.8546,Unknown
19-03-24 4:36,Terr-AIS,0.5,292,1.27013,103.8546,Unknown
19-03-24 4:21,Terr-AIS,0.6,244,1.270112,103.8546,Unknown
19-03-24 3:59,Terr-AIS,0.5,316,1.269997,103.8547,Unknown
19-03-24 3:45,Terr-AIS,0.1,,1.269862,103.8551,Unknown
19-03-24 3:22,Terr-AIS,0.5,64,1.270075,103.8546,Unknown
19-03-24 3:03,Terr-AIS,0,,1.269952,103.8547,Unknown
19-03-24 2:41,Terr-AIS,0.1,,1.270128,103.8546,Unknown
19-03-24 2:19,Terr-AIS,0,,1.269945,103.8547,Unknown
19-03-24 1:58,Terr-AIS,0,,1.269913,103.8547,Unknown
19-03-24 1:37,Terr-AIS,0,,1.269963,103.8547,Unknown
19-03-24 1:15,Terr-AIS,0,,1.270003,103.8547,Unknown
19-03-24 0:53,Terr-AIS,0.7,257,1.269998,103.8547,Unknown
19-03-24 0:36,Terr-AIS,0.1,,1.269932,103.8548,Unknown
19-03-24 0:15,Terr-AIS,0,,1.269968,103.8547,Unknown
18-03-24 23:53,Terr-AIS,0.2,,1.270067,103.8547,Unknown
18-03-24 23:32,Terr-AIS,0,,1.270088,103.8546,Unknown
18-03-24 23:09,Terr-AIS,0,,1.270082,103.8546,Unknown
18-03-24 22:47,Terr-AIS,0,,1.269975,103.8548,Unknown
18-03-24 22:26,Terr-AIS,0,,1.269955,103.8548,Unknown
18-03-24 22:04,Terr-AIS,0,,1.26996,103.8547,Unknown
18-03-24 21:43,Terr-AIS,0,,1.270035,103.8547,Unknown
18-03-24 21:21,Terr-AIS,0,,1.269932,103.8547,Unknown
18-03-24 21:00,Terr-AIS,0.1,,1.270028,103.8547,Unknown
18-03-24 20:38,Terr-AIS,0.1,,1.26999,103.8547,Unknown
18-03-24 20:16,Terr-AIS,0,,1.270015,103.8547,Unknown
18-03-24 19:55,Terr-AIS,0.1,,1.269955,103.8547,Unknown
18-03-24 19:34,Terr-AIS,0,,1.270075,103.8547,Unknown
18-03-24 19:12,Terr-AIS,0,,1.270017,103.8547,Unknown
18-03-24 18:51,Terr-AIS,0,,1.26993,103.8547,Unknown
18-03-24 18:29,Terr-AIS,0,,1.270063,103.8547,Unknown
18-03-24 18:08,Terr-AIS,0.1,,1.270038,103.8547,Unknown
18-03-24 17:46,Terr-AIS,0.1,,1.270022,103.8547,Unknown
18-03-24 17:24,Terr-AIS,0,,1.269963,103.8547,Unknown
18-03-24 17:03,Terr-AIS,0.1,,1.270038,103.8547,Unknown
18-03-24 16:40,Terr-AIS,0,,1.27001,103.8547,Unknown
18-03-24 16:19,Terr-AIS,0.1,,1.270033,103.8547,Unknown
18-03-24 15:57,Terr-AIS,0.1,,1.270058,103.8546,Unknown
18-03-24 15:36,Terr-AIS,0.1,,1.270142,103.8547,Unknown
18-03-24 15:14,Terr-AIS,0,,1.270125,103.8547,Unknown
18-03-24 14:53,Terr-AIS,0.1,,1.27011,103.8547,Unknown
18-03-24 14:31,Terr-AIS,0.1,,1.270155,103.8547,Unknown
18-03-24 14:10,Terr-AIS,0.1,,1.270198,103.8546,Unknown
18-03-24 13:48,Terr-AIS,0,,1.27011,103.8547,Unknown
18-03-24 13:27,Terr-AIS,0.3,241,1.270162,103.8546,Unknown
18-03-24 13:24,Terr-AIS,0,,1.270155,103.8546,Unknown
18-03-24 13:04,Terr-AIS,0.5,286,1.270308,103.8547,Unknown
18-03-24 13:01,Terr-AIS,0.2,,1.270247,103.8547,Unknown
18-03-24 12:39,Terr-AIS,0.8,35,1.270032,103.8547,Unknown
18-03-24 12:31,Terr-AIS,0.7,84,1.270057,103.8547,Unknown
18-03-24 12:22,Terr-AIS,0.6,197,1.270087,103.8547,Unknown
18-03-24 12:19,Terr-AIS,1,85,1.269622,103.8547,Unknown
18-03-24 12:17,Terr-AIS,4.8,183,1.2697,103.8554,Unknown
18-03-24 12:15,Terr-AIS,4.8,278,1.269458,103.8568,Unknown
18-03-24 12:12,Terr-AIS,5.8,104,1.26961,103.8568,Unknown
18-03-24 12:10,Terr-AIS,2,16,1.270387,103.8547,Unknown
18-03-24 11:59,Terr-AIS,0.7,269,1.270132,103.8547,Unknown
18-03-24 11:56,Terr-AIS,0.6,174,1.270173,103.8547,Unknown
18-03-24 11:53,Terr-AIS,0.5,112,1.270195,103.8546,Unknown
18-03-24 11:50,Terr-AIS,0.6,284,1.270172,103.8546,Unknown
18-03-24 11:47,Terr-AIS,0.7,161,1.270195,103.8546,Unknown
18-03-24 11:41,Terr-AIS,0.5,269,1.270255,103.8546,Unknown
18-03-24 11:33,Terr-AIS,0.6,194,1.270278,103.8546,Unknown
18-03-24 11:30,Terr-AIS,0.5,191,1.270295,103.8547,Unknown
18-03-24 11:19,Terr-AIS,0.5,180,1.270325,103.8547,Unknown
18-03-24 11:13,Terr-AIS,0.6,22,1.270353,103.8547,Unknown
18-03-24 11:11,Terr-AIS,0.6,195,1.270303,103.8546,Unknown
18-03-24 11:04,Terr-AIS,0.6,40,1.270335,103.8547,Unknown
18-03-24 11:01,Terr-AIS,0.5,35,1.27033,103.8546,Unknown
18-03-24 10:58,Terr-AIS,0.6,268,1.270342,103.8547,Unknown
18-03-24 10:55,Terr-AIS,0.6,200,1.270365,103.8547,Unknown
18-03-24 10:53,Terr-AIS,0.4,28,1.270368,103.8547,Unknown
18-03-24 10:50,Terr-AIS,0.5,280,1.270358,103.8546,Unknown
18-03-24 10:44,Terr-AIS,0.5,189,1.27037,103.8547,Unknown
18-03-24 10:39,Terr-AIS,0.7,3,1.270353,103.8547,Unknown
18-03-24 10:36,Terr-AIS,0.6,206,1.270308,103.8546,Unknown
18-03-24 10:32,Terr-AIS,0.6,129,1.270282,103.8546,Unknown
18-03-24 10:27,Terr-AIS,0.7,239,1.270193,103.8546,Unknown
18-03-24 10:20,Terr-AIS,0.5,173,1.27023,103.8546,Unknown
18-03-24 10:18,Terr-AIS,0.6,144,1.270293,103.8546,Unknown
18-03-24 10:16,Terr-AIS,0.7,5,1.270303,103.8546,Unknown
18-03-24 10:13,Terr-AIS,0.6,104,1.270283,103.8546,Unknown
18-03-24 10:08,Terr-AIS,0.1,,1.270292,103.8546,Unknown
18-03-24 10:06,Terr-AIS,0.6,296,1.270298,103.8546,Unknown
18-03-24 10:03,Terr-AIS,0.5,211,1.270357,103.8546,Unknown
18-03-24 10:00,Terr-AIS,0.7,195,1.270423,103.8547,Unknown
18-03-24 9:52,Terr-AIS,0.5,127,1.270473,103.8547,Unknown
18-03-24 9:50,Terr-AIS,0.5,83,1.270413,103.8547,Unknown
18-03-24 9:48,Terr-AIS,0.6,102,1.270298,103.8546,Unknown
18-03-24 9:44,Terr-AIS,0.6,163,1.270245,103.8546,Unknown
18-03-24 9:39,Terr-AIS,0,,1.270313,103.8546,Unknown
18-03-24 9:36,Terr-AIS,0.3,237,1.270317,103.8546,Unknown
18-03-24 9:34,Terr-AIS,0.6,286,1.270298,103.8546,Unknown
18-03-24 9:29,Terr-AIS,0.9,281,1.270285,103.8546,Unknown
18-03-24 9:26,Terr-AIS,0.5,279,1.27033,103.8546,Unknown
18-03-24 9:24,Terr-AIS,0.6,221,1.27036,103.8547,Unknown
18-03-24 9:21,Terr-AIS,0.5,130,1.270383,103.8546,Unknown
18-03-24 9:18,Terr-AIS,1,309,1.270353,103.8546,Unknown
18-03-24 9:16,Terr-AIS,0.5,354,1.270322,103.8546,Unknown
18-03-24 9:14,Terr-AIS,0.2,,1.27029,103.8546,Unknown
18-03-24 9:11,Terr-AIS,0,,1.27026,103.8546,Unknown
18-03-24 9:09,Terr-AIS,0.1,,1.270237,103.8546,Unknown
18-03-24 8:47,Terr-AIS,0.2,,1.270223,103.8546,Unknown
18-03-24 8:45,Terr-AIS,0.5,200,1.270237,103.8546,Unknown
18-03-24 8:35,Terr-AIS,0.5,222,1.270295,103.8546,Unknown
18-03-24 8:33,Terr-AIS,0.2,,1.270297,103.8546,Unknown
18-03-24 8:30,Terr-AIS,0,,1.270325,103.8546,Unknown
18-03-24 8:28,Terr-AIS,0.5,197,1.270352,103.8546,Unknown
18-03-24 8:23,Terr-AIS,0.5,244,1.2704,103.8548,Unknown
18-03-24 8:21,Terr-AIS,0.6,275,1.270407,103.8548,Unknown
18-03-24 8:18,Terr-AIS,0.5,78,1.27041,103.8549,Unknown
18-03-24 8:16,Terr-AIS,0.5,138,1.270448,103.8548,Unknown
18-03-24 8:13,Terr-AIS,0.5,228,1.270525,103.8548,Unknown
18-03-24 8:06,Terr-AIS,0.5,61,1.270413,103.8548,Unknown
18-03-24 8:04,Terr-AIS,0.5,22,1.270387,103.8547,Unknown
18-03-24 8:00,Terr-AIS,0.4,40,1.27024,103.8547,Unknown
18-03-24 7:58,Terr-AIS,0.7,20,1.270067,103.8544,Unknown
18-03-24 7:52,Terr-AIS,0.6,196,1.270055,103.8545,Unknown
18-03-24 7:50,Terr-AIS,0.5,152,1.270128,103.8545,Unknown
18-03-24 7:48,Terr-AIS,0.2,,1.270193,103.8545,Unknown
18-03-24 7:45,Terr-AIS,0.4,162,1.270287,103.8545,Unknown
18-03-24 7:42,Terr-AIS,0.7,221,1.270352,103.8545,Unknown
18-03-24 7:33,Terr-AIS,0.7,2,1.270172,103.8545,Unknown
18-03-24 7:29,Terr-AIS,0.5,3,1.270223,103.8545,Unknown
18-03-24 7:27,Terr-AIS,0.1,,1.270228,103.8544,Unknown
18-03-24 7:24,Terr-AIS,1.1,183,1.270262,103.8545,Unknown
18-03-24 7:21,Terr-AIS,0.5,289,1.270288,103.8545,Unknown
18-03-24 7:19,Terr-AIS,0.8,19,1.27033,103.8545,Unknown
18-03-24 7:15,Terr-AIS,0.6,305,1.270335,103.8545,Unknown
18-03-24 7:12,Terr-AIS,0.6,70,1.270307,103.8545,Unknown
18-03-24 7:10,Terr-AIS,0.2,,1.27026,103.8545,Unknown
18-03-24 7:08,Terr-AIS,0.4,322,1.270155,103.8545,Unknown
18-03-24 7:06,Terr-AIS,0.6,356,1.270083,103.8545,Unknown
18-03-24 7:03,Terr-AIS,0.5,13,1.270088,103.8545,Unknown
18-03-24 7:00,Terr-AIS,0.6,144,1.270118,103.8545,Unknown
18-03-24 6:58,Terr-AIS,0.8,156,1.270227,103.8545,Unknown
18-03-24 6:51,Terr-AIS,0.5,205,1.270617,103.8546,Unknown
18-03-24 6:48,Terr-AIS,0.7,238,1.270695,103.8548,Unknown
18-03-24 6:39,Terr-AIS,0.7,64,1.270718,103.8549,Unknown
18-03-24 6:34,Terr-AIS,0.5,22,1.270637,103.8547,Unknown
18-03-24 6:21,Terr-AIS,0.5,225,1.270417,103.8545,Unknown
18-03-24 6:09,Terr-AIS,0.5,46,1.270415,103.8546,Unknown
18-03-24 6:07,Terr-AIS,0.7,1,1.270358,103.8545,Unknown
18-03-24 6:01,Terr-AIS,0.5,153,1.270292,103.8545,Unknown
18-03-24 5:59,Terr-AIS,0.6,168,1.270303,103.8545,Unknown
18-03-24 5:52,Terr-AIS,0.5,153,1.270428,103.8545,Unknown
18-03-24 5:47,Terr-AIS,0.5,15,1.27046,103.8545,Unknown
18-03-24 5:34,Terr-AIS,0.5,,1.27032,103.8545,Unknown
18-03-24 5:22,Terr-AIS,0.1,,1.27033,103.8545,Unknown
18-03-24 5:00,Terr-AIS,0.5,343,1.270363,103.8545,Unknown
18-03-24 4:57,Terr-AIS,0.5,64,1.270275,103.8545,Unknown
18-03-24 4:52,Terr-AIS,0.5,190,1.270312,103.8545,Unknown
18-03-24 4:48,Terr-AIS,0.6,183,1.27042,103.8546,Unknown
18-03-24 4:45,Terr-AIS,0.5,171,1.270498,103.8546,Unknown
18-03-24 4:27,Terr-AIS,0.5,339,1.270223,103.8544,Unknown
18-03-24 4:19,Terr-AIS,0,,1.270197,103.8545,Unknown
18-03-24 4:16,Terr-AIS,3.3,44,1.270508,103.8543,Unknown
18-03-24 4:14,Terr-AIS,6.7,323,1.267387,103.8561,Unknown
18-03-24 4:12,Terr-AIS,7.3,319,1.264267,103.8585,Unknown
18-03-24 4:10,Terr-AIS,7.6,269,1.261873,103.8617,Unknown
18-03-24 4:08,Terr-AIS,7.5,270,1.261772,103.866,Unknown
18-03-24 4:06,Terr-AIS,7.3,265,1.262115,103.8701,Unknown
18-03-24 4:04,Terr-AIS,7,263,1.262475,103.8741,Unknown
18-03-24 4:02,Terr-AIS,6.7,265,1.262907,103.8779,Unknown
18-03-24 4:00,Terr-AIS,7.1,273,1.262718,103.8818,Unknown
18-03-24 3:58,Terr-AIS,7.4,272,1.262627,103.8858,Unknown
18-03-24 3:56,Terr-AIS,7.1,275,1.262398,103.8898,Unknown
18-03-24 3:54,Terr-AIS,7.1,269,1.261803,103.8936,Unknown
18-03-24 3:51,Terr-AIS,1.6,231,1.262898,103.8954,Unknown
18-03-24 3:49,Terr-AIS,0.5,267,1.262938,103.8955,Unknown
18-03-24 3:46,Terr-AIS,0.5,339,1.262913,103.8955,Unknown
18-03-24 3:41,Terr-AIS,0.5,243,1.262858,103.8955,Unknown
18-03-24 3:28,Terr-AIS,0.5,247,1.262788,103.8955,Unknown
18-03-24 3:16,Terr-AIS,0.5,102,1.262792,103.8957,Unknown
18-03-24 3:13,Terr-AIS,0.6,328,1.262787,103.8957,Unknown
18-03-24 3:07,Terr-AIS,0.5,,1.262753,103.8956,Unknown
18-03-24 2:58,Terr-AIS,0.6,260,1.262785,103.8956,Unknown
18-03-24 2:49,Terr-AIS,0.6,295,1.262818,103.8957,Unknown
18-03-24 2:45,Terr-AIS,0.5,241,1.262767,103.8957,Unknown
18-03-24 2:43,Terr-AIS,0.6,225,1.262735,103.8957,Unknown
18-03-24 2:40,Terr-AIS,0.5,85,1.26272,103.8957,Unknown
18-03-24 2:28,Terr-AIS,0.5,258,1.262747,103.8957,Unknown
18-03-24 2:25,Terr-AIS,0.7,154,1.262735,103.8957,Unknown
18-03-24 2:22,Terr-AIS,0.5,110,1.262758,103.8957,Unknown
18-03-24 2:11,Terr-AIS,0.1,,1.262807,103.8956,Unknown
18-03-24 2:08,Terr-AIS,0.2,,1.262815,103.8956,Unknown
18-03-24 1:45,Terr-AIS,0.5,109,1.262657,103.8958,Unknown
18-03-24 1:42,Terr-AIS,0.7,0,1.262628,103.8958,Unknown
18-03-24 1:35,Terr-AIS,1.3,312,1.262593,103.8957,Unknown
18-03-24 1:33,Terr-AIS,0.7,170,1.262603,103.8957,Unknown
18-03-24 1:25,Terr-AIS,0.6,279,1.262638,103.8957,Unknown
18-03-24 1:21,Terr-AIS,0.6,290,1.262638,103.8958,Unknown
18-03-24 1:18,Terr-AIS,0.6,217,1.26265,103.8958,Unknown
18-03-24 1:15,Terr-AIS,0.5,252,1.26266,103.8958,Unknown
18-03-24 1:11,Terr-AIS,0.4,200,1.26265,103.8958,Unknown
18-03-24 1:09,Terr-AIS,0.5,1,1.262652,103.8958,Unknown
18-03-24 1:04,Terr-AIS,0.5,256,1.262662,103.8958,Unknown
18-03-24 0:59,Terr-AIS,0,,1.262693,103.8958,Unknown
18-03-24 0:37,Terr-AIS,0.2,,1.262582,103.8957,Unknown
18-03-24 0:35,Terr-AIS,3.4,46,1.262165,103.8954,Unknown
18-03-24 0:33,Terr-AIS,7.6,55,1.260023,103.8927,Unknown
18-03-24 0:31,Terr-AIS,8,59,1.257893,103.8889,Unknown
18-03-24 0:29,Terr-AIS,7.5,99,1.256903,103.8846,Unknown
18-03-24 0:27,Terr-AIS,7.7,74,1.25644,103.8805,Unknown
18-03-24 0:25,Terr-AIS,7.2,80,1.255703,103.8764,Unknown
18-03-24 0:23,Terr-AIS,7.5,79,1.254902,103.8724,Unknown
18-03-24 0:20,Terr-AIS,7.4,69,1.252918,103.8665,Unknown
18-03-24 0:18,Terr-AIS,7.1,67,1.251408,103.8627,Unknown
18-03-24 0:16,Terr-AIS,7.1,66,1.249852,103.8591,Unknown
18-03-24 0:14,Terr-AIS,7.3,67,1.248332,103.8555,Unknown
18-03-24 0:11,Terr-AIS,9,59,1.245128,103.8485,Unknown
18-03-24 0:08,Terr-AIS,9.2,49,1.240143,103.8428,Unknown
18-03-24 0:06,Terr-AIS,8.4,57,1.237117,103.8389,Unknown
18-03-24 0:04,Terr-AIS,7.8,72,1.234962,103.8344,Unknown
18-03-24 0:01,Terr-AIS,8.2,107,1.235367,103.8296,Unknown
