Timestamp,Source,Speed,Course,Latitude,Longitude,Heading
"2024-04-28 14:09:59",Terr-AIS,7.1,138,1.269857,103.8638,Unknown
"2024-04-28 14:06:29",Terr-AIS,5.8,235,1.270842,103.8655,Unknown
"2024-04-28 14:04:21",Terr-AIS,16.4,252,1.275167,103.8713,Unknown
"2024-04-28 14:01:22",Terr-AIS,17.0,250,1.275853,103.8849,Unknown
"2024-04-28 13:59:21",Terr-AIS,16.9,272,1.277178,103.8944,Unknown
"2024-04-28 13:56:51",Terr-AIS,17.5,253,1.279005,103.9062,Unknown
"2024-04-28 13:53:53",Terr-AIS,17.7,270,1.279475,103.9204,Unknown
"2024-04-28 13:51:53",Terr-AIS,18.0,266,1.279873,103.9303,Unknown
"2024-04-28 13:49:53",Terr-AIS,17.7,269,1.279103,103.9401,Unknown
"2024-04-28 13:47:53",Terr-AIS,17.8,278,1.278115,103.9497,Unknown
"2024-04-28 13:44:52",Terr-AIS,0.7,302,1.277725,103.961,Unknown
"2024-04-28 13:42:23",Terr-AIS,6.1,252,1.278363,103.9619,Unknown
"2024-04-28 13:39:12",Terr-AIS,18.0,267,1.27994,103.9782,Unknown
"2024-04-28 13:35:57",Terr-AIS,17.8,268,1.280288,103.9931,Unknown
"2024-04-28 13:32:48",Terr-AIS,0.4,0,1.27977,104.0003,Unknown
"2024-04-28 13:29:13",Terr-AIS,11.3,267,1.280165,104.0014,Unknown
"2024-04-28 13:25:17",Terr-AIS,10.6,101,1.279245,103.9989,Unknown
"2024-04-28 13:22:17",Terr-AIS,14.2,92,1.279375,103.9876,Unknown
"2024-04-28 13:20:17",Terr-AIS,14.3,71,1.278415,103.9795,Unknown
"2024-04-28 13:17:18",Terr-AIS,15.0,84,1.276003,103.9675,Unknown
"2024-04-28 13:11:07",Terr-AIS,14.8,83,1.274433,103.942,Unknown
"2024-04-28 13:08:33",Terr-AIS,14.9,80,1.273337,103.9317,Unknown
"2024-04-28 13:05:03",Terr-AIS,15.5,97,1.271722,103.9171,Unknown
"2024-04-28 13:00:51",Terr-AIS,15.4,86,1.270395,103.8993,Unknown
"2024-04-28 12:57:53",Terr-AIS,15.3,75,1.268265,103.8871,Unknown
"2024-04-28 12:54:55",Terr-AIS,13.5,37,1.263753,103.8762,Unknown
"2024-04-28 12:51:44",Terr-AIS,7.8,155,1.263203,103.8756,Unknown
"2024-04-28 12:47:50",Terr-AIS,5.3,59,1.270368,103.8655,Unknown
"2024-04-28 12:45:21",Terr-AIS,0.3,286,1.269838,103.8636,Unknown
"2024-04-28 12:43:21",Terr-AIS,2.7,247,1.269107,103.8658,Unknown
"2024-04-28 12:38:21",Terr-AIS,0.2,0,1.269108,103.8659,Unknown
"2024-04-28 12:36:20",Terr-AIS,4.3,34,1.269275,103.8648,Unknown
"2024-04-28 12:23:51",Terr-AIS,0.2,0,1.269018,103.8648,Unknown
"2024-04-28 12:03:47",Terr-AIS,0.1,0,1.268948,103.8648,Unknown
"2024-04-28 11:43:08",Terr-AIS,0.1,0,1.268972,103.8647,Unknown
"2024-04-28 11:21:59",Terr-AIS,0.6,286,1.269055,103.8647,Unknown
"2024-04-28 11:18:38",Terr-AIS,0.0,0,1.269152,103.8648,Unknown
"2024-04-28 10:56:52",Terr-AIS,0.8,135,1.269438,103.8648,Unknown
"2024-04-28 10:53:54",Terr-AIS,3.8,138,1.26941,103.8648,Unknown
"2024-04-28 10:35:54",Terr-AIS,1.6,308,1.270063,103.8634,Unknown
"2024-04-28 10:32:55",Terr-AIS,16.1,273,1.271973,103.868,Unknown
"2024-04-28 10:30:25",Terr-AIS,16.4,269,1.27084,103.879,Unknown
"2024-04-28 10:28:16",Terr-AIS,16.5,287,1.270152,103.8887,Unknown
"2024-04-28 10:25:48",Terr-AIS,16.5,281,1.268148,103.8996,Unknown
"2024-04-28 10:23:28",Terr-AIS,16.4,293,1.264597,103.9095,Unknown
"2024-04-28 10:19:49",Terr-AIS,2.7,250,1.263668,103.9175,Unknown
"2024-04-28 10:16:41",Terr-AIS,0.1,0,1.263658,103.9175,Unknown
"2024-04-28 10:13:26",Terr-AIS,1.5,34,1.263683,103.9176,Unknown
"2024-04-28 10:10:27",Terr-AIS,1.3,108,1.26364,103.9175,Unknown
"2024-04-28 10:08:25",Terr-AIS,1.0,171,1.263903,103.9173,Unknown
"2024-04-28 10:03:51",Terr-AIS,15.5,89,1.261867,103.9028,Unknown
"2024-04-28 10:01:21",Terr-AIS,15.6,107,1.262032,103.8921,Unknown
"2024-04-28 09:58:43",Terr-AIS,15.7,106,1.266735,103.8816,Unknown
"2024-04-28 09:56:17",Terr-AIS,16.0,118,1.269957,103.8716,Unknown
"2024-04-28 09:53:49",Terr-AIS,6.0,51,1.269592,103.866,Unknown
"2024-04-28 09:35:47",Terr-AIS,4.3,121,1.268773,103.8646,Unknown
"2024-04-28 09:33:27",Terr-AIS,6.4,219,1.270243,103.8646,Unknown
"2024-04-28 09:30:27",Terr-AIS,16.1,248,1.27574,103.8733,Unknown
"2024-04-28 09:26:54",Terr-AIS,16.4,241,1.282147,103.8879,Unknown
"2024-04-28 09:24:53",Terr-AIS,16.2,247,1.285707,103.8963,Unknown
"2024-04-28 09:21:58",Terr-AIS,16.7,257,1.289582,103.9093,Unknown
"2024-04-28 09:18:52",Terr-AIS,16.8,266,1.292793,103.9233,Unknown
"2024-04-28 09:16:05",Terr-AIS,16.6,260,1.293595,103.9363,Unknown
"2024-04-28 09:13:35",Terr-AIS,16.5,263,1.295688,103.9475,Unknown
"2024-04-28 09:09:44",Terr-AIS,1.6,174,1.29779,103.9589,Unknown
"2024-04-28 09:06:04",Terr-AIS,16.9,266,1.299853,103.9706,Unknown
"2024-04-28 09:03:52",Terr-AIS,7.7,264,1.300892,103.9807,Unknown
"2024-04-28 08:59:50",Terr-AIS,16.3,275,1.302542,103.999,Unknown
"2024-04-28 08:56:37",Terr-AIS,6.9,162,1.300967,103.9999,Unknown
"2024-04-28 08:54:07",Terr-AIS,12.4,278,1.300682,104.0021,Unknown
"2024-04-28 08:50:30",Terr-AIS,17.1,279,1.30051,104.0192,Unknown
"2024-04-28 08:45:52",Terr-AIS,17.2,265,1.299038,104.0405,Unknown
"2024-04-28 08:42:28",Terr-AIS,2.7,260,1.297312,104.0557,Unknown
"2024-04-28 08:37:24",Terr-AIS,0.3,0,1.297562,104.0561,Unknown
"2024-04-28 08:32:01",Terr-AIS,7.4,225,1.29855,104.0551,Unknown
"2024-04-28 08:26:02",Terr-AIS,0.3,0,1.298387,104.0556,Unknown
"2024-04-28 08:23:37",Terr-AIS,1.2,192,1.298452,104.0556,Unknown
"2024-04-28 08:21:08",Terr-AIS,0.7,170,1.298567,104.0557,Unknown
"2024-04-28 08:18:38",Terr-AIS,1.1,247,1.297765,104.056,Unknown
"2024-04-28 08:16:36",Terr-AIS,4.7,113,1.29783,104.0559,Unknown
"2024-04-28 08:12:06",Terr-AIS,3.5,116,1.297713,104.057,Unknown
"2024-04-28 08:09:37",Terr-AIS,0.7,196,1.298123,104.0564,Unknown
"2024-04-28 08:07:36",Terr-AIS,0.6,0,1.298207,104.0564,Unknown
"2024-04-28 08:05:36",Terr-AIS,0.3,0,1.298253,104.0564,Unknown
"2024-04-28 08:00:55",Terr-AIS,14.7,74,1.295337,104.048,Unknown
"2024-04-28 07:57:28",Terr-AIS,14.9,86,1.292683,104.0342,Unknown
"2024-04-28 07:54:57",Terr-AIS,14.5,86,1.292027,104.0239,Unknown
"2024-04-28 07:52:56",Terr-AIS,14.8,94,1.291508,104.0156,Unknown
"2024-04-28 07:47:20",Terr-AIS,15.3,95,1.289453,103.9923,Unknown
"2024-04-28 07:44:39",Terr-AIS,15.4,97,1.290845,103.9812,Unknown
"2024-04-28 07:42:09",Terr-AIS,15.0,107,1.29322,103.9712,Unknown
"2024-04-28 07:39:38",Terr-AIS,15.3,89,1.296105,103.9613,Unknown
"2024-04-28 07:37:16",Terr-AIS,14.8,84,1.294607,103.9511,Unknown
"2024-04-28 07:34:37",Terr-AIS,14.7,90,1.293505,103.9409,Unknown
"2024-04-28 07:32:11",Terr-AIS,14.8,60,1.29141,103.9309,Unknown
"2024-04-28 07:29:07",Terr-AIS,15.0,74,1.289555,103.9192,Unknown
"2024-04-28 07:26:10",Terr-AIS,15.0,61,1.286947,103.9081,Unknown
"2024-04-28 07:23:03",Terr-AIS,15.3,65,1.279743,103.8971,Unknown
"2024-04-28 07:20:47",Terr-AIS,15.2,71,1.276438,103.8881,Unknown
"2024-04-28 07:17:32",Terr-AIS,15.9,89,1.273908,103.8745,Unknown
"2024-04-28 07:14:01",Terr-AIS,4.0,85,1.269947,103.8638,Unknown
"2024-04-28 07:10:30",Terr-AIS,0.5,171,1.269977,103.8635,Unknown
"2024-04-28 07:07:31",Terr-AIS,1.1,350,1.269033,103.8661,Unknown
"2024-04-28 07:04:30",Terr-AIS,0.1,0,1.268952,103.8661,Unknown
"2024-04-28 06:42:02",Terr-AIS,0.2,0,1.269033,103.8661,Unknown
"2024-04-28 06:19:20",Terr-AIS,0.1,0,1.269255,103.8659,Unknown
"2024-04-28 05:58:33",Terr-AIS,0.1,0,1.26924,103.8658,Unknown
"2024-04-28 05:38:13",Terr-AIS,0.0,0,1.269025,103.866,Unknown
"2024-04-28 05:34:12",Terr-AIS,5.6,104,1.269657,103.865,Unknown
"2024-04-28 05:31:42",Terr-AIS,5.8,241,1.270332,103.8649,Unknown
"2024-04-28 05:29:12",Terr-AIS,15.8,241,1.2751,103.8723,Unknown
"2024-04-28 05:26:14",Terr-AIS,16.5,249,1.280307,103.8847,Unknown
"2024-04-28 05:24:12",Terr-AIS,16.3,260,1.283103,103.8934,Unknown
"2024-04-28 05:21:41",Terr-AIS,16.4,251,1.286442,103.9045,Unknown
"2024-04-28 05:19:03",Terr-AIS,16.4,250,1.289902,103.916,Unknown
"2024-04-28 05:16:14",Terr-AIS,16.5,258,1.293377,103.9283,Unknown
"2024-04-28 05:13:49",Terr-AIS,15.8,265,1.29469,103.9397,Unknown
"2024-04-28 05:11:20",Terr-AIS,16.6,261,1.297953,103.9406,Unknown
"2024-04-28 05:08:49",Terr-AIS,12.6,272,1.298223,103.9518,Unknown
"2024-04-28 05:05:08",Terr-AIS,16.5,263,1.29771,103.9598,Unknown
"2024-04-28 05:02:37",Terr-AIS,16.5,258,1.299277,103.9712,Unknown
"2024-04-28 05:00:29",Terr-AIS,16.5,263,1.300338,103.9809,Unknown
"2024-04-28 04:57:00",Terr-AIS,16.4,265,1.299785,103.9968,Unknown
"2024-04-28 04:52:39",Terr-AIS,16.4,281,1.2992,104.0165,Unknown
"2024-04-28 04:50:28",Terr-AIS,17.1,264,1.298923,104.0265,Unknown
"2024-04-28 04:47:59",Terr-AIS,16.6,239,1.300743,104.038,Unknown
"2024-04-28 04:45:32",Terr-AIS,16.4,228,1.305683,104.048,Unknown
"2024-04-28 04:40:30",Terr-AIS,12.8,281,1.310732,104.0694,Unknown
"2024-04-28 04:24:29",Terr-AIS,7.9,21,1.307883,104.0719,Unknown
"2024-04-28 04:21:48",Terr-AIS,15.2,88,1.310895,104.0665,Unknown
"2024-04-28 04:19:14",Terr-AIS,15.7,64,1.308263,104.0563,Unknown
"2024-04-28 04:14:57",Terr-AIS,15.0,51,1.300412,104.0397,Unknown
"2024-04-28 04:12:57",Terr-AIS,15.2,79,1.297683,104.0318,Unknown
"2024-04-28 04:10:57",Terr-AIS,15.2,94,1.297225,104.0235,Unknown
"2024-04-28 04:08:57",Terr-AIS,15.6,83,1.29653,104.0151,Unknown
"2024-04-28 04:06:26",Terr-AIS,15.5,78,1.295247,104.0044,Unknown
"2024-04-28 04:03:50",Terr-AIS,15.3,91,1.293448,103.9934,Unknown
"2024-04-28 03:59:49",Terr-AIS,15.8,85,1.292377,103.9763,Unknown
"2024-04-28 03:56:29",Terr-AIS,15.6,79,1.29099,103.9619,Unknown
"2024-04-28 03:54:00",Terr-AIS,15.9,81,1.28862,103.9515,Unknown
"2024-04-28 03:51:29",Terr-AIS,15.7,62,1.285168,103.9413,Unknown
"2024-04-28 03:48:58",Terr-AIS,8.6,83,1.281255,103.9313,Unknown
"2024-04-28 03:44:50",Terr-AIS,6.0,186,1.282187,103.9317,Unknown
"2024-04-28 03:42:22",Terr-AIS,15.4,64,1.28008,103.9225,Unknown
"2024-04-28 03:39:06",Terr-AIS,15.9,79,1.275767,103.9093,Unknown
"2024-04-28 03:37:06",Terr-AIS,15.2,92,1.276352,103.9009,Unknown
"2024-04-28 03:33:49",Terr-AIS,14.9,78,1.27551,103.8874,Unknown
"2024-04-28 03:31:44",Terr-AIS,15.0,76,1.273687,103.8789,Unknown
"2024-04-28 03:28:55",Terr-AIS,15.3,82,1.271423,103.8674,Unknown
"2024-04-28 03:26:53",Terr-AIS,2.6,116,1.269685,103.8637,Unknown
"2024-04-28 03:22:24",Terr-AIS,3.7,284,1.269223,103.8657,Unknown
"2024-04-28 03:09:56",Terr-AIS,3.4,48,1.269067,103.8657,Unknown
"2024-04-28 03:06:58",Terr-AIS,0.3,0,1.26989,103.8635,Unknown
"2024-04-28 03:04:58",Terr-AIS,6.7,244,1.270755,103.8659,Unknown
"2024-04-28 03:01:58",Terr-AIS,16.3,245,1.276692,103.8757,Unknown
"2024-04-28 02:59:57",Terr-AIS,16.1,246,1.280843,103.8836,Unknown
"2024-04-28 02:56:58",Terr-AIS,16.1,260,1.285075,103.8963,Unknown
"2024-04-28 02:54:28",Terr-AIS,16.1,273,1.28609,103.9075,Unknown
"2024-04-28 02:51:28",Terr-AIS,16.3,271,1.287092,103.9209,Unknown
"2024-04-28 02:47:29",Terr-AIS,15.9,279,1.284212,103.9378,Unknown
"2024-04-28 02:44:33",Terr-AIS,15.4,264,1.282958,103.9503,Unknown
"2024-04-28 02:42:03",Terr-AIS,15.5,302,1.280467,103.9606,Unknown
"2024-04-28 02:39:47",Terr-AIS,1.3,322,1.278818,103.966,Unknown
"2024-04-28 02:35:15",Terr-AIS,0.8,73,1.278488,103.966,Unknown
"2024-04-28 02:32:47",Terr-AIS,1.1,83,1.278385,103.966,Unknown
"2024-04-28 02:30:16",Terr-AIS,0.5,67,1.278727,103.9658,Unknown
"2024-04-28 02:13:32",Terr-AIS,0.1,0,1.27869,103.9653,Unknown
"2024-04-28 02:11:02",Terr-AIS,0.9,88,1.27871,103.9654,Unknown
"2024-04-28 02:08:09",Terr-AIS,0.6,313,1.278687,103.9653,Unknown
"2024-04-28 02:05:41",Terr-AIS,0.4,217,1.278702,103.9653,Unknown
"2024-04-28 02:01:16",Terr-AIS,2.0,278,1.278618,103.9655,Unknown
"2024-04-28 01:58:27",Terr-AIS,1.0,33,1.278437,103.9656,Unknown
"2024-04-28 01:54:42",Terr-AIS,0.1,0,1.278792,103.9658,Unknown
"2024-04-28 01:51:17",Terr-AIS,6.3,252,1.278217,103.966,Unknown
"2024-04-28 01:46:31",Terr-AIS,17.2,89,1.273133,103.9539,Unknown
"2024-04-28 01:43:45",Terr-AIS,16.9,88,1.273108,103.942,Unknown
"2024-04-28 01:40:03",Terr-AIS,16.5,89,1.271962,103.9251,Unknown
"2024-04-28 01:36:31",Terr-AIS,15.6,80,1.271637,103.9096,Unknown
"2024-04-28 01:33:03",Terr-AIS,15.4,96,1.270278,103.8948,Unknown
"2024-04-28 01:30:03",Terr-AIS,15.5,95,1.271572,103.8821,Unknown
"2024-04-28 01:27:04",Terr-AIS,15.8,114,1.270997,103.8696,Unknown
"2024-04-28 01:23:44",Terr-AIS,0.5,291,1.269812,103.8636,Unknown
"2024-04-28 01:20:17",Terr-AIS,7.7,231,1.270143,103.8649,Unknown
"2024-04-28 01:17:25",Terr-AIS,16.4,270,1.27129,103.8747,Unknown
"2024-04-28 01:15:24",Terr-AIS,16.5,279,1.27064,103.8837,Unknown
"2024-04-28 01:10:16",Terr-AIS,16.2,277,1.264773,103.9059,Unknown
"2024-04-28 01:07:18",Terr-AIS,15.6,303,1.262227,103.9183,Unknown
"2024-04-28 00:52:13",Terr-AIS,0.9,149,1.263952,103.9229,Unknown
"2024-04-28 00:45:05",Terr-AIS,0.7,284,1.2635,103.9223,Unknown
"2024-04-28 00:42:26",Terr-AIS,2.9,188,1.264152,103.9231,Unknown
"2024-04-28 00:39:55",Terr-AIS,0.3,60,1.263933,103.9231,Unknown
"2024-04-28 00:37:26",Terr-AIS,1.3,50,1.263275,103.9221,Unknown
"2024-04-28 00:31:27",Terr-AIS,0.5,70,1.264882,103.9218,Unknown
"2024-04-28 00:29:25",Terr-AIS,0.4,2,1.264653,103.9222,Unknown
"2024-04-28 00:26:58",Terr-AIS,2.2,189,1.264317,103.9221,Unknown
"2024-04-28 00:23:49",Terr-AIS,0.3,0,1.26482,103.9223,Unknown
"2024-04-28 00:21:40",Terr-AIS,0.5,64,1.264638,103.9219,Unknown
"2024-04-28 00:19:40",Terr-AIS,0.6,263,1.264442,103.9218,Unknown
"2024-04-28 00:17:11",Terr-AIS,0.8,51,1.264988,103.9223,Unknown
"2024-04-28 00:15:04",Terr-AIS,0.4,15,1.264568,103.9219,Unknown
"2024-04-28 00:12:56",Terr-AIS,4.6,348,1.264137,103.9226,Unknown
"2024-04-28 00:09:26",Terr-AIS,0.6,22,1.264015,103.923,Unknown
"2024-04-28 00:06:57",Terr-AIS,1.7,122,1.263927,103.9227,Unknown
"2024-04-28 00:04:57",Terr-AIS,0.3,0,1.263852,103.9223,Unknown
"2024-04-28 00:02:56",Terr-AIS,2.1,41,1.264025,103.9232,Unknown
"2024-04-27 23:58:47",Terr-AIS,0.2,0,1.263407,103.9218,Unknown
"2024-04-27 23:54:47",Terr-AIS,3.0,241,1.26501,103.9237,Unknown
"2024-04-27 23:52:17",Terr-AIS,0.2,0,1.265018,103.924,Unknown
"2024-04-27 23:49:47",Terr-AIS,0.6,215,1.264707,103.9238,Unknown
"2024-04-27 23:47:18",Terr-AIS,0.7,61,1.264507,103.9235,Unknown
"2024-04-27 23:44:17",Terr-AIS,0.8,271,1.26467,103.9237,Unknown
"2024-04-27 23:41:39",Terr-AIS,1.7,34,1.264612,103.9239,Unknown
"2024-04-27 23:39:09",Terr-AIS,1.2,159,1.264167,103.9235,Unknown
"2024-04-27 23:36:20",Terr-AIS,17.1,68,1.261733,103.9153,Unknown
"2024-04-27 23:32:33",Terr-AIS,15.5,112,1.263327,103.8993,Unknown
"2024-04-27 23:30:33",Terr-AIS,16.1,71,1.2651,103.8908,Unknown
"2024-04-27 23:26:57",Terr-AIS,16.1,109,1.266983,103.8756,Unknown
"2024-04-27 23:24:47",Terr-AIS,8.3,135,1.271212,103.8674,Unknown
"2024-04-27 23:22:16",Terr-AIS,2.3,54,1.26983,103.8639,Unknown
"2024-04-27 23:17:16",Terr-AIS,0.5,321,1.269112,103.8656,Unknown
"2024-04-27 23:10:58",Terr-AIS,0.1,0,1.268968,103.8657,Unknown
"2024-04-27 22:48:25",Terr-AIS,0.0,0,1.268918,103.8656,Unknown
"2024-04-27 22:27:45",Terr-AIS,0.0,0,1.26892,103.8657,Unknown
"2024-04-27 22:04:31",Terr-AIS,0.0,0,1.269035,103.8658,Unknown
"2024-04-27 21:40:24",Terr-AIS,0.0,0,1.26903,103.8658,Unknown
"2024-04-27 21:18:47",Terr-AIS,0.1,0,1.269042,103.8657,Unknown
"2024-04-27 20:57:09",Terr-AIS,0.1,0,1.269017,103.8657,Unknown
"2024-04-27 20:36:39",Terr-AIS,0.0,0,1.269045,103.8657,Unknown
"2024-04-27 20:14:10",Terr-AIS,0.1,0,1.269017,103.8657,Unknown
"2024-04-27 19:53:18",Terr-AIS,0.0,0,1.268992,103.8657,Unknown
"2024-04-27 19:32:47",Terr-AIS,0.0,0,1.269035,103.8657,Unknown
"2024-04-27 19:12:31",Terr-AIS,0.1,0,1.269037,103.8657,Unknown
"2024-04-27 18:52:22",Terr-AIS,0.0,0,1.269052,103.8658,Unknown
"2024-04-27 18:30:58",Terr-AIS,0.1,0,1.269035,103.8658,Unknown
"2024-04-27 18:08:21",Terr-AIS,0.0,0,1.26905,103.8658,Unknown
"2024-04-27 17:45:27",Terr-AIS,0.2,0,1.269005,103.8657,Unknown
"2024-04-27 17:22:13",Terr-AIS,0.0,0,1.269022,103.8657,Unknown
"2024-04-27 17:01:31",Terr-AIS,0.0,0,1.268892,103.8657,Unknown
"2024-04-27 16:40:54",Terr-AIS,0.0,0,1.268953,103.8656,Unknown
"2024-04-27 16:17:26",Terr-AIS,0.0,0,1.268965,103.8656,Unknown
"2024-04-27 15:56:11",Terr-AIS,6.0,193,1.269657,103.8661,Unknown
"2024-04-27 15:53:40",Terr-AIS,15.7,242,1.274775,103.8707,Unknown
"2024-04-27 15:50:41",Terr-AIS,15.8,252,1.27837,103.8832,Unknown
"2024-04-27 15:47:43",Terr-AIS,16.2,257,1.281503,103.896,Unknown
"2024-04-27 15:45:42",Terr-AIS,16.5,258,1.283687,103.905,Unknown
"2024-04-27 15:41:19",Terr-AIS,16.8,255,1.28763,103.9248,Unknown
"2024-04-27 15:38:51",Terr-AIS,16.7,256,1.289188,103.9361,Unknown
"2024-04-27 15:36:19",Terr-AIS,16.6,261,1.29088,103.9477,Unknown
"2024-04-27 15:33:50",Terr-AIS,16.6,265,1.291433,103.9591,Unknown
"2024-04-27 15:29:52",Terr-AIS,16.7,260,1.295587,103.9768,Unknown
"2024-04-27 15:27:02",Terr-AIS,5.4,286,1.295993,103.9884,Unknown
"2024-04-27 15:24:19",Terr-AIS,1.8,267,1.295862,103.989,Unknown
"2024-04-27 15:21:52",Terr-AIS,0.3,0,1.295903,103.989,Unknown
"2024-04-27 15:19:20",Terr-AIS,15.3,82,1.294923,103.9837,Unknown
"2024-04-27 15:16:53",Terr-AIS,15.4,71,1.291555,103.974,Unknown
"2024-04-27 15:14:17",Terr-AIS,14.9,71,1.287457,103.964,Unknown
"2024-04-27 15:11:19",Terr-AIS,14.7,68,1.283135,103.9525,Unknown
"2024-04-27 15:08:04",Terr-AIS,14.9,56,1.277158,103.9405,Unknown
"2024-04-27 15:05:36",Terr-AIS,14.8,68,1.27282,103.9314,Unknown
"2024-04-27 15:00:06",Terr-AIS,5.4,78,1.260517,103.9172,Unknown
"2024-04-27 14:52:37",Terr-AIS,0.2,0,1.260873,103.9175,Unknown
"2024-04-27 14:44:06",Terr-AIS,0.7,253,1.260002,103.918,Unknown
"2024-04-27 14:41:08",Terr-AIS,3.8,69,1.259883,103.9175,Unknown
"2024-04-27 14:39:06",Terr-AIS,0.9,247,1.260017,103.9176,Unknown
"2024-04-27 14:36:08",Terr-AIS,0.8,226,1.260002,103.9174,Unknown
"2024-04-27 14:34:06",Terr-AIS,1.3,223,1.260112,103.9173,Unknown
"2024-04-27 14:31:06",Terr-AIS,1.0,236,1.260432,103.9169,Unknown
"2024-04-27 14:28:36",Terr-AIS,1.6,238,1.26078,103.917,Unknown
"2024-04-27 14:22:08",Terr-AIS,0.2,0,1.260958,103.917,Unknown
"2024-04-27 14:18:49",Terr-AIS,14.1,113,1.261003,103.9118,Unknown
"2024-04-27 14:16:00",Terr-AIS,14.9,113,1.264035,103.9009,Unknown
"2024-04-27 14:13:02",Terr-AIS,14.6,97,1.26622,103.8891,Unknown
"2024-04-27 14:10:00",Terr-AIS,14.5,88,1.267055,103.877,Unknown
"2024-04-27 14:07:19",Terr-AIS,7.1,71,1.271417,103.8672,Unknown
"2024-04-27 14:03:39",Terr-AIS,0.0,0,1.269935,103.8635,Unknown
"2024-04-27 14:01:08",Terr-AIS,5.2,313,1.269183,103.8654,Unknown
"2024-04-27 13:58:08",Terr-AIS,0.0,0,1.269113,103.8657,Unknown
"2024-04-27 13:35:36",Terr-AIS,0.1,0,1.269122,103.8657,Unknown
"2024-04-27 13:10:45",Terr-AIS,1.0,69,1.269113,103.8655,Unknown
"2024-04-27 13:08:44",Terr-AIS,4.5,141,1.2697,103.8639,Unknown
"2024-04-27 13:06:14",Terr-AIS,0.1,0,1.27021,103.8633,Unknown
"2024-04-27 13:03:17",Terr-AIS,4.9,287,1.269518,103.8648,Unknown
"2024-04-27 12:39:45",Terr-AIS,0.0,0,1.26889,103.8657,Unknown
"2024-04-27 12:36:19",Terr-AIS,3.0,13,1.269203,103.8645,Unknown
"2024-04-27 12:13:30",Terr-AIS,0.6,217,1.269135,103.8646,Unknown
"2024-04-27 12:11:30",Terr-AIS,0.2,0,1.269148,103.8646,Unknown
"2024-04-27 11:50:44",Terr-AIS,0.1,0,1.269235,103.8646,Unknown
"2024-04-27 11:48:02",Terr-AIS,2.2,122,1.269738,103.8636,Unknown
"2024-04-27 11:44:36",Terr-AIS,0.0,0,1.269782,103.8636,Unknown
"2024-04-27 11:42:29",Terr-AIS,0.5,188,1.269778,103.8636,Unknown
"2024-04-27 11:19:59",Terr-AIS,0.0,0,1.269775,103.8636,Unknown
"2024-04-27 11:17:00",Terr-AIS,0.2,0,1.269533,103.8637,Unknown
"2024-04-27 11:14:59",Terr-AIS,0.1,0,1.270203,103.8633,Unknown
"2024-04-27 11:11:59",Terr-AIS,9.8,237,1.271118,103.8658,Unknown
"2024-04-27 11:08:18",Terr-AIS,16.2,249,1.278617,103.8796,Unknown
"2024-04-27 11:06:17",Terr-AIS,16.4,247,1.282255,103.8881,Unknown
"2024-04-27 11:04:17",Terr-AIS,16.5,255,1.28496,103.8968,Unknown
"2024-04-27 11:01:12",Terr-AIS,16.6,247,1.289605,103.9102,Unknown
"2024-04-27 10:58:42",Terr-AIS,16.9,247,1.293018,103.9213,Unknown
"2024-04-27 10:56:41",Terr-AIS,17.2,259,1.295202,103.9305,Unknown
"2024-04-27 10:54:32",Terr-AIS,17.2,267,1.295987,103.9406,Unknown
"2024-04-27 10:51:26",Terr-AIS,16.9,274,1.297277,103.9551,Unknown
"2024-04-27 10:49:25",Terr-AIS,16.9,275,1.29812,103.9645,Unknown
"2024-04-27 10:45:26",Terr-AIS,17.0,268,1.298163,103.9831,Unknown
"2024-04-27 10:43:26",Terr-AIS,16.4,273,1.297212,103.9922,Unknown
"2024-04-27 10:39:26",Terr-AIS,16.5,265,1.297745,104.0106,Unknown
"2024-04-27 10:37:16",Terr-AIS,16.9,262,1.297995,104.0212,Unknown
"2024-04-27 10:34:56",Terr-AIS,17.1,263,1.298807,104.0315,Unknown
"2024-04-27 10:30:57",Terr-AIS,17.3,233,1.305858,104.0487,Unknown
"2024-04-27 10:26:25",Terr-AIS,10.5,240,1.315595,104.0664,Unknown
"2024-04-27 10:06:03",Terr-AIS,13.8,61,1.30904,104.0552,Unknown
"2024-04-27 09:59:54",Terr-AIS,13.9,75,1.298913,104.0344,Unknown
"2024-04-27 09:56:22",Terr-AIS,14.3,76,1.296747,104.0211,Unknown
"2024-04-27 09:50:32",Terr-AIS,14.3,64,1.291695,103.9984,Unknown
"2024-04-27 09:47:00",Terr-AIS,10.5,85,1.290205,103.9908,Unknown
"2024-04-27 09:43:38",Terr-AIS,13.8,77,1.289935,103.9779,Unknown
"2024-04-27 09:40:41",Terr-AIS,13.9,96,1.288543,103.9667,Unknown
"2024-04-27 09:38:09",Terr-AIS,13.8,87,1.288905,103.9569,Unknown
"2024-04-27 09:36:03",Terr-AIS,14.2,84,1.288633,103.9488,Unknown
"2024-04-27 09:33:16",Terr-AIS,13.5,75,1.287575,103.9381,Unknown
"2024-04-27 09:30:48",Terr-AIS,14.3,69,1.28531,103.9288,Unknown
"2024-04-27 09:28:16",Terr-AIS,14.0,82,1.28386,103.9191,Unknown
"2024-04-27 09:25:46",Terr-AIS,14.1,83,1.281897,103.9096,Unknown
"2024-04-27 09:22:39",Terr-AIS,14.4,80,1.279323,103.8978,Unknown
"2024-04-27 09:19:40",Terr-AIS,14.2,65,1.276645,103.8864,Unknown
"2024-04-27 09:17:21",Terr-AIS,14.9,71,1.274152,103.8775,Unknown
"2024-04-27 09:15:01",Terr-AIS,15.3,77,1.271758,103.8683,Unknown
"2024-04-27 09:12:32",Terr-AIS,0.8,260,1.269925,103.8635,Unknown
"2024-04-27 09:07:06",Terr-AIS,0.5,217,1.269963,103.8635,Unknown
"2024-04-27 08:56:37",Terr-AIS,1.9,145,1.27005,103.8635,Unknown
"2024-04-27 08:52:24",Terr-AIS,0.2,0,1.268792,103.8655,Unknown
"2024-04-27 08:30:17",Terr-AIS,1.2,79,1.26884,103.8655,Unknown
"2024-04-27 08:27:51",Terr-AIS,1.3,281,1.269722,103.8637,Unknown
"2024-04-27 08:24:37",Terr-AIS,15.6,0,1.268842,103.8687,Unknown
"2024-04-27 08:21:39",Terr-AIS,15.6,53,1.25803,103.8641,Unknown
"2024-04-27 08:19:29",Terr-AIS,15.6,49,1.252607,103.8566,Unknown
"2024-04-27 08:16:29",Terr-AIS,14.4,43,1.244618,103.8468,Unknown
"2024-04-27 08:10:16",Terr-AIS,16.0,104,1.238638,103.8245,Unknown
"2024-04-27 08:07:34",Terr-AIS,0.5,328,1.249333,103.7982,Unknown
"2024-04-27 08:03:39",Terr-AIS,3.6,143,1.248453,103.7985,Unknown
"2024-04-27 07:58:32",Terr-AIS,0.5,4,1.249047,103.7986,Unknown
"2024-04-27 07:54:30",Terr-AIS,0.4,246,1.248367,103.7987,Unknown
"2024-04-27 07:49:00",Terr-AIS,16.3,293,1.241083,103.8058,Unknown
"2024-04-27 07:46:19",Terr-AIS,15.9,270,1.238858,103.8177,Unknown
"2024-04-27 07:41:33",Terr-AIS,17.9,233,1.237918,103.8387,Unknown
"2024-04-27 07:37:50",Terr-AIS,15.9,230,1.250083,103.851,Unknown
"2024-04-27 07:35:00",Terr-AIS,16.1,239,1.257818,103.861,Unknown
"2024-04-27 07:31:32",Terr-AIS,16.2,184,1.269357,103.8686,Unknown
"2024-04-27 07:29:32",Terr-AIS,4.5,71,1.270152,103.8647,Unknown
"2024-04-27 07:25:00",Terr-AIS,16.0,233,1.27419,103.8696,Unknown
"2024-04-27 07:22:32",Terr-AIS,15.7,235,1.280063,103.8789,Unknown
"2024-04-27 07:20:30",Terr-AIS,2.6,97,1.280915,103.8807,Unknown
"2024-04-27 07:04:24",Terr-AIS,0.5,174,1.280895,103.8808,Unknown
"2024-04-27 07:00:48",Terr-AIS,17.2,271,1.279723,103.8942,Unknown
"2024-04-27 06:58:20",Terr-AIS,17.5,254,1.28009,103.906,Unknown
"2024-04-27 06:54:39",Terr-AIS,16.7,280,1.280447,103.9239,Unknown
"2024-04-27 06:52:30",Terr-AIS,0.2,0,1.278663,103.9282,Unknown
"2024-04-27 06:48:37",Terr-AIS,15.3,76,1.275413,103.9195,Unknown
"2024-04-27 06:45:38",Terr-AIS,15.5,79,1.273242,103.9071,Unknown
"2024-04-27 06:43:11",Terr-AIS,15.7,84,1.271367,103.8967,Unknown
"2024-04-27 06:40:57",Terr-AIS,15.6,79,1.269863,103.8873,Unknown
"2024-04-27 06:38:56",Terr-AIS,15.7,101,1.270648,103.8787,Unknown
"2024-04-27 06:35:17",Terr-AIS,8.2,61,1.270463,103.8654,Unknown
"2024-04-27 06:31:47",Terr-AIS,0.5,149,1.269945,103.8635,Unknown
"2024-04-27 06:21:54",Terr-AIS,4.4,283,1.269545,103.8641,Unknown
"2024-04-27 06:13:26",Terr-AIS,0.2,0,1.269043,103.8657,Unknown
"2024-04-27 05:48:56",Terr-AIS,0.2,0,1.269043,103.8657,Unknown
"2024-04-27 05:26:40",Terr-AIS,0.0,0,1.269047,103.8657,Unknown
"2024-04-27 05:06:15",Terr-AIS,0.0,0,1.269005,103.8657,Unknown
"2024-04-27 04:43:07",Terr-AIS,0.0,0,1.268912,103.8656,Unknown
"2024-04-27 04:20:07",Terr-AIS,0.2,0,1.268985,103.8657,Unknown
"2024-04-27 03:59:36",Terr-AIS,0.1,0,1.268923,103.8656,Unknown
"2024-04-27 03:38:50",Terr-AIS,0.5,205,1.26893,103.8656,Unknown
"2024-04-27 03:36:50",Terr-AIS,0.0,0,1.268923,103.8656,Unknown
"2024-04-27 03:14:56",Terr-AIS,0.7,95,1.268935,103.8656,Unknown
"2024-04-27 03:12:00",Terr-AIS,1.8,113,1.269567,103.8638,Unknown
"2024-04-27 03:07:43",Terr-AIS,3.2,264,1.26962,103.8638,Unknown
"2024-04-27 03:04:23",Terr-AIS,16.1,296,1.269127,103.873,Unknown
"2024-04-27 03:01:52",Terr-AIS,16.1,294,1.265437,103.8836,Unknown
"2024-04-27 02:59:52",Terr-AIS,16.5,288,1.261923,103.8919,Unknown
"2024-04-27 02:57:11",Terr-AIS,15.9,293,1.257442,103.9032,Unknown
"2024-04-27 02:52:42",Terr-AIS,0.1,0,1.256078,103.9063,Unknown
"2024-04-27 02:49:48",Terr-AIS,0.5,341,1.256207,103.906,Unknown
"2024-04-27 02:45:18",Terr-AIS,0.2,0,1.256543,103.906,Unknown
"2024-04-27 02:41:59",Terr-AIS,9.7,86,1.256792,103.9055,Unknown
"2024-04-27 02:37:59",Terr-AIS,15.8,105,1.257872,103.8885,Unknown
"2024-04-27 02:35:44",Terr-AIS,16.2,136,1.262332,103.8801,Unknown
"2024-04-27 02:33:28",Terr-AIS,15.9,133,1.267027,103.8714,Unknown
"2024-04-27 02:30:43",Terr-AIS,7.5,51,1.270173,103.865,Unknown
"2024-04-27 02:28:20",Terr-AIS,7.5,242,1.270097,103.8648,Unknown
"2024-04-27 02:25:52",Terr-AIS,16.7,258,1.27356,103.8713,Unknown
"2024-04-27 02:23:20",Terr-AIS,16.9,247,1.277785,103.8824,Unknown
"2024-04-27 02:20:04",Terr-AIS,17.2,250,1.282307,103.8971,Unknown
"2024-04-27 02:16:31",Terr-AIS,17.3,249,1.287045,103.9132,Unknown
"2024-04-27 02:14:31",Terr-AIS,16.8,248,1.289637,103.9223,Unknown
"2024-04-27 02:10:18",Terr-AIS,16.6,258,1.295927,103.9409,Unknown
"2024-04-27 02:07:47",Terr-AIS,16.5,247,1.300598,103.9515,Unknown
"2024-04-27 02:04:59",Terr-AIS,0.3,0,1.305055,103.9598,Unknown
"2024-04-27 02:00:53",Terr-AIS,16.8,281,1.301018,103.9696,Unknown
"2024-04-27 01:58:47",Terr-AIS,16.4,258,1.301445,103.9789,Unknown
"2024-04-27 01:55:30",Terr-AIS,16.5,279,1.30047,103.9939,Unknown
"2024-04-27 01:51:12",Terr-AIS,16.6,263,1.29785,104.0141,Unknown
"2024-04-27 01:48:42",Terr-AIS,15.9,262,1.298933,104.0244,Unknown
"2024-04-27 01:43:18",Terr-AIS,15.8,257,1.302478,104.0488,Unknown
"2024-04-27 01:40:46",Terr-AIS,4.4,204,1.305777,104.0527,Unknown
"2024-04-27 01:38:46",Terr-AIS,1.6,266,1.30588,104.0529,Unknown
"2024-04-27 01:36:17",Terr-AIS,0.8,20,1.305952,104.053,Unknown
"2024-04-27 01:34:17",Terr-AIS,3.5,15,1.305307,104.0534,Unknown
"2024-04-27 01:31:41",Terr-AIS,1.3,264,1.305005,104.0529,Unknown
"2024-04-27 01:28:21",Terr-AIS,16.0,83,1.302373,104.0497,Unknown
"2024-04-27 01:25:21",Terr-AIS,15.9,76,1.298355,104.0369,Unknown
"2024-04-27 01:22:52",Terr-AIS,15.7,78,1.296163,104.026,Unknown
"2024-04-27 01:19:10",Terr-AIS,16.2,80,1.294257,104.0099,Unknown
"2024-04-27 01:15:19",Terr-AIS,16.1,84,1.29336,103.9929,Unknown
"2024-04-27 01:11:10",Terr-AIS,15.7,72,1.29271,103.9747,Unknown
"2024-04-27 01:08:10",Terr-AIS,15.7,85,1.29028,103.9617,Unknown
"2024-04-27 01:05:11",Terr-AIS,15.5,85,1.290423,103.9488,Unknown
"2024-04-27 01:03:11",Terr-AIS,15.8,86,1.289362,103.9402,Unknown
"2024-04-27 01:01:09",Terr-AIS,15.8,65,1.287227,103.9316,Unknown
"2024-04-27 00:58:08",Terr-AIS,15.3,79,1.28394,103.9192,Unknown
"2024-04-27 00:55:08",Terr-AIS,15.2,73,1.280942,103.9067,Unknown
"2024-04-27 00:52:42",Terr-AIS,15.6,87,1.278483,103.8969,Unknown
"2024-04-27 00:49:59",Terr-AIS,15.5,82,1.276045,103.8857,Unknown
"2024-04-27 00:46:38",Terr-AIS,14.9,77,1.273055,103.872,Unknown
"2024-04-27 00:43:38",Terr-AIS,5.9,35,1.269917,103.8638,Unknown
"2024-04-27 00:39:10",Terr-AIS,0.1,0,1.26982,103.8636,Unknown
"2024-04-27 00:37:08",Terr-AIS,3.8,273,1.268948,103.8655,Unknown
"2024-04-27 00:24:38",Terr-AIS,0.0,0,1.268658,103.8658,Unknown
"2024-04-27 00:02:37",Terr-AIS,0.1,0,1.268652,103.8658,Unknown
